checkout,0,1711616507569316,1711616507669316,0,0,0,0,0
checkout,1,1711616507669316,1711616507769316,0,0,0,0,0
checkout,2,1711616507769316,1711616507869316,0,0,0,0,0
checkout,3,1711616507869316,1711616507969316,0,0,0,0,0
checkout,4,1711616507969316,1711616508069316,0,0,0,0,0
checkout,5,1711616508069316,1711616508169316,0,0,0,0,0
checkout,6,1711616508169316,1711616508269316,0,0,0,0,0
checkout,7,1711616508269316,1711616508369316,0,0,0,0,0
checkout,8,1711616508369316,1711616508469316,0,0,0,0,0
checkout,9,1711616508469316,1711616508569316,0,0,0,0,0
checkout,10,1711616508569316,1711616508669316,0,0,0,0,0
checkout,11,1711616508669316,1711616508769316,0,0,0,0,0
checkout,12,1711616508769316,1711616508869316,0,0,0,0,0
checkout,13,1711616508869316,1711616508969316,0,0,0,0,0
checkout,14,1711616508969316,1711616509069316,0,0,0,0,0
checkout,15,1711616509069316,1711616509169316,15.472,14.457,19.506,20.3524,90.0
checkout,16,1711616509169316,1711616509269316,14.522571428571428,14.304,17.00965,17.28993,140.0
checkout,17,1711616509269316,1711616509369316,39.39491666666667,31.022,65.97904999999999,116.42443999999998,240.0
checkout,18,1711616509369316,1711616509469316,43.293749999999996,43.418499999999995,69.58305,69.59900999999999,200.0
checkout,19,1711616509469316,1711616509569316,36.56903448275862,34.801,56.554399999999994,59.02608,290.0
checkout,20,1711616509569316,1711616509669316,50.72863157894737,50.414,83.70089999999998,94.59378,190.0
checkout,21,1711616509669316,1711616509769316,39.44945454545454,35.6065,59.1554,60.57416,220.0
checkout,22,1711616509769316,1711616509869316,41.8635652173913,41.257,63.8805,66.05246000000001,230.0
checkout,23,1711616509869316,1711616509969316,68.852625,64.6555,113.12819999999999,116.92166,320.0
checkout,24,1711616509969316,1711616510069316,46.398500000000006,41.683,71.2603,82.48092,240.0
checkout,25,1711616510069316,1711616510169316,71.63661290322581,73.376,87.881,94.60619999999999,310.0
checkout,26,1711616510169316,1711616510269316,58.26835,56.754,90.00365000000001,91.71593,200.0
checkout,27,1711616510269316,1711616510369316,59.49154545454544,59.4165,81.9495,83.74544,220.0
checkout,28,1711616510369316,1711616510469316,76.91214285714285,76.46199999999999,142.02304999999996,166.50777000000002,280.0
checkout,29,1711616510469316,1711616510569316,81.59086666666667,85.092,124.31199999999998,133.3784,150.0
checkout,30,1711616510569316,1711616510669316,88.88520833333332,91.83,124.23635,125.13756,240.0
checkout,31,1711616510669316,1711616510769316,90.59515789473684,92.295,138.42059999999995,148.05852,190.0
checkout,32,1711616510769316,1711616510869316,78.18680769230768,81.088,146.9415,162.58975,260.0
checkout,33,1711616510869316,1711616510969316,88.46566666666666,94.38499999999999,116.72164999999998,129.37712999999997,180.0
checkout,34,1711616510969316,1711616511069316,73.51104545454547,71.6115,104.7732,111.05990999999999,220.0
checkout,35,1711616511069316,1711616511169316,91.79107692307694,94.33250000000001,153.49425000000002,168.997,260.0
checkout,36,1711616511169316,1711616511269316,95.75344444444447,88.757,167.43465,168.36693,180.0
checkout,37,1711616511269316,1711616511369316,78.58195652173912,77.408,122.66109999999998,148.86976000000004,230.0
checkout,38,1711616511369316,1711616511469316,77.5869642857143,77.7575,107.13005,145.20103000000003,280.0
checkout,39,1711616511469316,1711616511569316,77.69310526315789,77.848,104.04089999999998,111.37698,190.0
checkout,40,1711616511569316,1711616511669316,76.04038461538462,64.72999999999999,135.871,165.2305,260.0
checkout,41,1711616511669316,1711616511769316,100.51176923076923,102.2115,168.84725,191.79925,260.0
checkout,42,1711616511769316,1711616511869316,85.95675,80.8815,147.55655000000002,160.56090999999998,200.0
checkout,43,1711616511869316,1711616511969316,61.50558823529412,67.995,91.1142,101.29724,170.0
checkout,44,1711616511969316,1711616512069316,70.997,74.8215,99.82504999999998,112.55940999999997,180.0
checkout,45,1711616512069316,1711616512169316,59.941181818181825,62.0275,96.87835000000001,100.84429,220.0
checkout,46,1711616512169316,1711616512269316,61.64236363636364,66.474,87.0392,97.71224,330.0
checkout,47,1711616512269316,1711616512369316,57.31150000000001,59.69799999999999,79.58070000000001,82.34254,200.0
checkout,48,1711616512369316,1711616512469316,78.34925925925926,81.358,115.74659999999999,127.57331999999998,270.0
checkout,49,1711616512469316,1711616512569316,64.57849999999999,68.592,94.61059999999999,96.55011999999999,120.0
checkout,50,1711616512569316,1711616512669316,64.52954545454544,57.568,113.37194999999998,114.48697,220.0
checkout,51,1711616512669316,1711616512769316,106.07240740740737,114.872,147.16979999999998,167.07819999999995,270.0
checkout,52,1711616512769316,1711616512869316,71.70263157894738,57.468,112.44609999999987,154.09882000000002,190.0
checkout,53,1711616512869316,1711616512969316,71.19424000000001,72.353,91.2976,97.55339999999998,250.0
checkout,54,1711616512969316,1711616513069316,57.63280769230769,58.0355,84.6745,94.04675,260.0
checkout,55,1711616513069316,1711616513169316,66.65076470588235,63.503,100.1908,104.87496,170.0
checkout,56,1711616513169316,1711616513269316,54.712,57.905,86.18809999999999,92.22962,190.0
checkout,57,1711616513269316,1711616513369316,57.78122222222222,53.715500000000006,89.25319999999999,91.74743999999998,180.0
checkout,58,1711616513369316,1711616513469316,49.08445454545454,48.448,74.43265000000001,99.78839999999997,220.0
checkout,59,1711616513469316,1711616513569316,57.92745454545456,59.4385,93.0895,105.33954999999999,220.0
checkout,60,1711616513569316,1711616513669316,60.25578947368422,67.019,89.7482,90.16724,190.0
checkout,61,1711616513669316,1711616513769316,64.24349999999998,62.8925,106.3942,107.85484,180.0
checkout,62,1711616513769316,1711616513869316,60.8882105263158,62.034,100.2615,102.0003,190.0
checkout,63,1711616513869316,1711616513969316,73.43028571428572,75.325,99.87615,101.67776,280.0
checkout,64,1711616513969316,1711616514069316,66.67073913043477,67.553,97.04539999999999,98.9515,230.0
checkout,65,1711616514069316,1711616514169316,66.48284000000001,61.276,95.0512,96.19032,250.0
checkout,66,1711616514169316,1711616514269316,65.82711538461538,66.7055,123.1455,132.174,260.0
checkout,67,1711616514269316,1711616514369316,69.38314814814814,72.817,92.451,125.67559999999993,270.0
checkout,68,1711616514369316,1711616514469316,59.17765000000001,56.6425,82.96165,94.70592999999998,200.0
checkout,69,1711616514469316,1711616514569316,64.37919047619047,67.079,89.01,97.9492,210.0
checkout,70,1711616514569316,1711616514669316,69.25225,74.55799999999999,93.8185,94.11941999999999,240.0
checkout,71,1711616514669316,1711616514769316,55.81393333333333,52.981,95.2677,111.21246000000002,300.0
checkout,72,1711616514769316,1711616514869316,55.897375,59.579499999999996,85.758,99.98039999999999,160.0
checkout,73,1711616514869316,1711616514969316,73.97934375,74.4375,105.4825,108.17524,320.0
checkout,74,1711616514969316,1711616515069316,78.16136363636363,86.62899999999999,102.31784999999999,103.31554,220.0
checkout,75,1711616515069316,1711616515169316,71.19606666666665,75.156,98.6606,101.09212,150.0
checkout,76,1711616515169316,1711616515269316,60.537333333333336,64.849,84.06119999999999,93.93624,150.0
checkout,77,1711616515269316,1711616515369316,58.82031818181816,54.881,100.62529999999998,109.87452999999998,220.0
checkout,78,1711616515369316,1711616515469316,78.57152631578947,80.367,132.34979999999996,148.05876,190.0
checkout,79,1711616515469316,1711616515569316,73.56804347826088,69.768,102.4743,164.5411200000001,230.0
checkout,80,1711616515569316,1711616515669316,102.18468421052631,106.16,155.47889999999998,162.77178,190.0
checkout,81,1711616515669316,1711616515769316,129.58131578947368,133.289,203.28519999999997,212.27944,190.0
checkout,82,1711616515769316,1711616515869316,135.64000000000001,134.065,250.92159999999998,282.30272,170.0
checkout,83,1711616515869316,1711616515969316,129.49657894736842,119.471,219.1811999999999,251.41704000000001,190.0
checkout,84,1711616515969316,1711616516069316,147.11492592592592,171.524,215.2429,229.94153999999997,270.0
checkout,85,1711616516069316,1711616516169316,118.29195238095235,114.143,179.874,182.38199999999998,210.0
checkout,86,1711616516169316,1711616516269316,111.14163636363637,106.64699999999999,178.98919999999998,180.45203,220.0
checkout,87,1711616516269316,1711616516369316,96.60735294117647,88.706,136.25699999999998,142.001,170.0
checkout,88,1711616516369316,1711616516469316,81.03349999999999,86.527,123.00225,155.99725,260.0
checkout,89,1711616516469316,1711616516569316,61.37827272727273,51.1705,103.20660000000001,108.15203,220.0
checkout,90,1711616516569316,1711616516669316,91.63922857142857,81.308,150.62539999999998,160.56871999999996,350.0
checkout,91,1711616516669316,1711616516769316,94.64518518518518,95.225,131.2953,173.49339999999992,270.0
checkout,92,1711616516769316,1711616516869316,120.08847058823528,132.899,159.14,168.1224,170.0
checkout,93,1711616516869316,1711616516969316,95.3211153846154,95.888,146.11875,165.12975,260.0
checkout,94,1711616516969316,1711616517069316,98.40008333333333,105.7775,153.37545,185.8654,240.0
checkout,95,1711616517069316,1711616517169316,106.5202105263158,105.081,167.5146,173.18532000000002,190.0
checkout,96,1711616517169316,1711616517269316,65.90972727272728,68.7875,101.83935,110.85907999999999,220.0
checkout,97,1711616517269316,1711616517369316,94.40254166666666,85.658,164.61499999999995,169.17917,240.0
checkout,98,1711616517369316,1711616517469316,66.29157142857143,69.723,104.786,107.3052,210.0
checkout,99,1711616517469316,1711616517569316,114.7571935483871,130.34,169.1855,172.3278,310.0
checkout,100,1711616517569316,1711616517669316,108.44630769230768,105.777,156.72975,199.16475,260.0
checkout,101,1711616517669316,1711616517769316,83.33171999999999,83.514,116.38779999999998,117.69564,250.0
checkout,102,1711616517769316,1711616517869316,114.31511764705884,131.405,189.5554,190.65428,170.0
checkout,103,1711616517869316,1711616517969316,94.10415384615385,109.818,171.183,183.43225,260.0
checkout,104,1711616517969316,1711616518069316,97.70952,98.897,146.44099999999997,148.4246,250.0
checkout,105,1711616518069316,1711616518169316,104.89135000000002,99.51400000000001,163.61940000000004,199.98387999999994,200.0
checkout,106,1711616518169316,1711616518269316,68.4735,67.26599999999999,112.12935,128.77012,220.0
checkout,107,1711616518269316,1711616518369316,80.25666666666666,82.821,122.41239999999996,129.06872,240.0
checkout,108,1711616518369316,1711616518469316,83.70149999999998,87.841,120.0186,120.43812,200.0
checkout,109,1711616518469316,1711616518569316,66.23746666666666,62.772000000000006,109.97224999999999,113.38942,300.0
checkout,110,1711616518569316,1711616518669316,56.96052173913044,57.526,78.9417,82.75044000000001,230.0
checkout,111,1711616518669316,1711616518769316,88.52913333333335,91.9445,134.93415,140.43742,300.0
checkout,112,1711616518769316,1711616518869316,76.27195238095237,85.658,97.879,101.0086,210.0
checkout,113,1711616518869316,1711616518969316,83.10116,88.646,131.14179999999993,136.32492,250.0
checkout,114,1711616518969316,1711616519069316,69.6298947368421,68.6,107.66749999999999,111.73190000000001,190.0
checkout,115,1711616519069316,1711616519169316,68.03427272727274,72.78450000000001,87.3586,96.74484999999999,220.0
checkout,116,1711616519169316,1711616519269316,77.03144,84.206,128.14159999999995,133.97016,250.0
checkout,117,1711616519269316,1711616519369316,70.47268421052631,75.66,103.67329999999998,110.91146,190.0
checkout,118,1711616519369316,1711616519469316,38.29653846153846,34.803,65.1552,66.47424,130.0
checkout,119,1711616519469316,1711616519569316,38.5705,35.1415,61.76975,62.50825,260.0
checkout,120,1711616519569316,1711616519669316,60.88927777777778,65.855,92.72639999999998,103.31807999999997,180.0
checkout,121,1711616519669316,1711616519769316,66.53170833333333,63.737,117.83519999999996,123.7706,240.0
checkout,122,1711616519769316,1711616519869316,79.74125000000001,84.0315,110.29875000000001,113.26935,160.0
checkout,123,1711616519869316,1711616519969316,74.40694736842106,70.833,105.31319999999997,119.75784,190.0
checkout,124,1711616519969316,1711616520069316,100.6950740740741,109.66,138.22990000000001,166.27049999999994,270.0
checkout,125,1711616520069316,1711616520169316,85.68077777777778,87.688,115.69575,116.06635,180.0
checkout,126,1711616520169316,1711616520269316,63.23903571428572,64.88550000000001,98.53575000000001,98.73582999999999,280.0
checkout,127,1711616520269316,1711616520369316,50.15353333333333,51.484,76.6605,77.94569999999999,150.0
checkout,128,1711616520369316,1711616520469316,63.51585,69.68549999999999,92.07905000000001,105.24300999999998,200.0
checkout,129,1711616520469316,1711616520569316,81.0558,85.5335,106.71110000000003,137.96381999999994,200.0
checkout,130,1711616520569316,1711616520669316,85.52431250000001,95.25399999999999,115.871,123.97579999999999,160.0
checkout,131,1711616520669316,1711616520769316,64.63626666666666,64.517,96.6821,96.76442,150.0
checkout,132,1711616520769316,1711616520869316,83.24296296296298,74.025,132.2566,168.00859999999994,270.0
checkout,133,1711616520869316,1711616520969316,93.7263181818182,103.6795,123.30125,137.36222999999998,220.0
checkout,134,1711616520969316,1711616521069316,73.79227272727273,82.611,109.1351,110.00875,220.0
checkout,135,1711616521069316,1711616521169316,76.06895652173914,77.713,115.35519999999998,145.24538000000004,230.0
checkout,136,1711616521169316,1711616521269316,64.71366666666667,71.586,93.05835,94.84353,240.0
checkout,137,1711616521269316,1711616521369316,67.70383333333332,69.6925,104.3689,105.02175,240.0
checkout,138,1711616521369316,1711616521469316,82.49189655172415,83.757,129.00219999999993,160.41155999999998,290.0
checkout,139,1711616521469316,1711616521569316,68.78084210526316,66.961,99.98159999999999,104.93952,190.0
checkout,140,1711616521569316,1711616521669316,61.17830434782609,60.689,97.4166,109.07218000000002,230.0
checkout,141,1711616521669316,1711616521769316,64.27755555555555,60.303,99.78719999999997,109.14943999999997,180.0
checkout,142,1711616521769316,1711616521869316,41.65891666666667,39.528,71.05025,71.81853,240.0
checkout,143,1711616521869316,1711616521969316,54.23481818181818,57.048,92.74549999999999,102.66430000000001,110.0
checkout,144,1711616521969316,1711616522069316,50.21517391304347,59.093,84.0975,85.33148000000001,230.0
checkout,145,1711616522069316,1711616522169316,47.98404000000001,47.582,67.48479999999999,73.90839999999999,250.0
checkout,146,1711616522169316,1711616522269316,42.98470833333332,41.894999999999996,62.01634999999999,64.47068999999999,240.0
checkout,147,1711616522269316,1711616522369316,76.84729166666666,75.6715,131.14759999999998,145.42937999999998,240.0
checkout,148,1711616522369316,1711616522469316,94.5596875,99.72,156.62785,164.60387,320.0
checkout,149,1711616522469316,1711616522569316,74.84757142857143,80.5155,108.4149,108.93766,280.0
checkout,150,1711616522569316,1711616522669316,30.533789473684212,26.913,54.618599999999994,56.38692,190.0
checkout,151,1711616522669316,1711616522769316,37.44146153846154,34.408,70.054,74.635,260.0
checkout,152,1711616522769316,1711616522869316,32.779599999999995,32.801500000000004,44.617650000000005,48.804990000000004,300.0
checkout,153,1711616522869316,1711616522969316,26.160476190476196,25.809,33.813,35.0122,210.0
checkout,154,1711616522969316,1711616523069316,28.76879166666667,28.5905,35.95945,36.42733,240.0
checkout,155,1711616523069316,1711616523169316,27.750322580645157,22.969,41.984,44.6682,310.0
checkout,156,1711616523169316,1711616523269316,25.878619047619047,23.379,36.871,39.739000000000004,210.0
checkout,157,1711616523269316,1711616523369316,26.89625,26.064999999999998,32.967099999999995,33.28898,240.0
checkout,158,1711616523369316,1711616523469316,26.34418181818182,24.9775,39.085,42.23899,220.0
checkout,159,1711616523469316,1711616523569316,21.66442857142857,21.21,26.126,29.2148,210.0
checkout,160,1711616523569316,1711616523669316,23.893800000000002,23.981,33.2466,35.420719999999996,250.0
checkout,161,1711616523669316,1711616523769316,26.240666666666662,26.489,31.718,32.446,150.0
checkout,162,1711616523769316,1711616523869316,24.586727272727273,24.630000000000003,31.758149999999997,32.88914,220.0
checkout,163,1711616523869316,1711616523969316,23.158586206896555,21.953,30.789999999999996,31.811839999999997,290.0
checkout,164,1711616523969316,1711616524069316,21.15064285714286,20.802500000000002,27.426749999999995,28.504739999999998,280.0
checkout,165,1711616524069316,1711616524169316,33.734130434782614,29.683,59.37649999999999,74.58066000000002,230.0
checkout,166,1711616524169316,1711616524269316,89.58938461538462,82.104,168.62939999999986,207.1858799999999,130.0
checkout,167,1711616524269316,1711616524369316,268.70827777777777,267.5905,355.2056999999999,369.86513999999994,180.0
checkout,168,1711616524369316,1711616524469316,260.57075000000003,265.56100000000004,287.93585,287.99437,200.0
checkout,169,1711616524469316,1711616524569316,189.07450000000003,200.562,251.54465,254.88894,240.0
checkout,170,1711616524569316,1711616524669316,126.88312499999999,122.51249999999999,196.608,197.1336,160.0
checkout,171,1711616524669316,1711616524769316,60.256208333333326,69.0255,103.65584999999999,104.20608999999999,240.0
checkout,172,1711616524769316,1711616524869316,27.15294736842105,24.457,46.39839999999999,50.45488,190.0
checkout,173,1711616524869316,1711616524969316,31.232200000000002,31.713,38.17799999999999,38.96584,250.0
checkout,174,1711616524969316,1711616525069316,28.510920000000002,28.522,34.3682,36.11488,250.0
checkout,175,1711616525069316,1711616525169316,22.15359090909091,21.897,31.15485,34.24599,220.0
checkout,176,1711616525169316,1711616525269316,21.367464285714284,20.488,29.31855,30.222160000000002,280.0
checkout,177,1711616525269316,1711616525369316,22.88176666666666,21.646,31.18014999999999,35.89041,300.0
checkout,178,1711616525369316,1711616525469316,28.69483333333333,28.816499999999998,35.481199999999994,41.215999999999994,240.0
checkout,179,1711616525469316,1711616525569316,21.638785714285717,22.055500000000002,25.56005,26.424809999999997,140.0
checkout,180,1711616525569316,1711616525669316,21.33309523809524,20.501,25.599,25.6374,210.0
checkout,181,1711616525669316,1711616525769316,23.804043478260873,23.853,30.304100000000002,31.15604,230.0
checkout,182,1711616525769316,1711616525869316,19.513666666666666,19.562,23.577,23.685,210.0
checkout,183,1711616525869316,1711616525969316,20.627529411764705,20.541,26.539599999999997,29.555919999999997,170.0
checkout,184,1711616525969316,1711616526069316,20.96275,21.0785,26.344300000000004,28.507259999999995,200.0
checkout,185,1711616526069316,1711616526169316,21.49081818181818,21.5875,26.9288,27.41986,220.0
checkout,186,1711616526169316,1711616526269316,20.2903,19.8405,28.907249999999998,29.06305,200.0
checkout,187,1711616526269316,1711616526369316,20.15985714285714,19.1935,25.169549999999997,26.351509999999998,140.0
checkout,188,1711616526369316,1711616526469316,29.32926315789474,28.752,39.566399999999994,40.87968,190.0
checkout,189,1711616526469316,1711616526569316,19.490176470588235,18.57,25.4602,26.904040000000002,170.0
checkout,190,1711616526569316,1711616526669316,16.236285714285714,16.0355,18.194149999999997,18.302829999999997,140.0
checkout,191,1711616526669316,1711616526769316,18.812058823529412,18.715,26.0892,26.66904,170.0
checkout,192,1711616526769316,1711616526869316,24.7142,24.259500000000003,28.857350000000004,32.32826999999999,200.0
checkout,193,1711616526869316,1711616526969316,21.6773125,22.089,27.73075,27.994149999999998,160.0
checkout,194,1711616526969316,1711616527069316,20.9023,20.887,23.8181,25.537219999999994,200.0
checkout,195,1711616527069316,1711616527169316,21.408,21.485500000000002,24.810650000000003,26.264529999999997,200.0
checkout,196,1711616527169316,1711616527269316,21.56603846153846,21.5705,26.7965,27.95225,260.0
checkout,197,1711616527269316,1711616527369316,18.822285714285716,19.0795,23.6112,26.009439999999998,140.0
checkout,198,1711616527369316,1711616527469316,19.36977272727273,18.3925,26.3488,26.52217,220.0
checkout,199,1711616527469316,1711616527569316,21.91192,21.351,28.069399999999998,29.629839999999998,250.0
checkout,200,1711616527569316,1711616527669316,20.31,19.561999999999998,28.08775,28.43115,180.0
checkout,201,1711616527669316,1711616527769316,23.43119047619048,23.396,29.518,30.390800000000002,210.0
checkout,202,1711616527769316,1711616527869316,20.7275,21.036,25.592149999999997,27.745780000000007,380.0
checkout,203,1711616527869316,1711616527969316,24.852541666666667,24.825,32.3884,33.06231,240.0
checkout,204,1711616527969316,1711616528069316,19.897699999999997,19.374000000000002,23.92995,25.859589999999997,200.0
checkout,205,1711616528069316,1711616528169316,21.03847619047619,21.184,25.571,27.033400000000004,210.0
checkout,206,1711616528169316,1711616528269316,18.2991875,17.795499999999997,23.46925,24.744249999999997,160.0
checkout,207,1711616528269316,1711616528369316,20.102041666666665,19.361,27.5875,28.39804,240.0
checkout,208,1711616528369316,1711616528469316,23.932125,23.214,30.353,31.6202,160.0
checkout,209,1711616528469316,1711616528569316,24.045772727272723,22.7165,31.7595,35.804579999999994,220.0
checkout,210,1711616528569316,1711616528669316,21.693083333333334,22.341,26.90725,27.10305,120.0
checkout,211,1711616528669316,1711616528769316,21.416,21.233,24.967799999999993,26.936319999999995,250.0
checkout,212,1711616528769316,1711616528869316,19.85326086956522,20.366,24.5559,30.953440000000008,230.0
checkout,213,1711616528869316,1711616528969316,21.47841666666667,22.139499999999998,24.0241,24.58642,120.0
checkout,214,1711616528969316,1711616529069316,18.6373125,17.9545,22.64725,24.37345,160.0
checkout,215,1711616529069316,1711616529169316,25.914739130434782,25.899,32.7292,32.90394,230.0
checkout,216,1711616529169316,1711616529269316,24.364277777777776,25.3415,30.45115,31.689429999999994,180.0
checkout,217,1711616529269316,1711616529369316,27.463153846153848,27.1125,36.575,38.10425,260.0
checkout,218,1711616529369316,1711616529469316,25.040434782608692,24.354,34.52799999999999,36.28358000000001,230.0
checkout,219,1711616529469316,1711616529569316,32.211625000000005,31.3555,43.38175,44.45,240.0
checkout,220,1711616529569316,1711616529669316,20.487076923076923,21.149,23.925399999999996,24.684279999999998,130.0
checkout,221,1711616529669316,1711616529769316,21.12805882352941,20.692,28.7744,28.807679999999998,170.0
checkout,222,1711616529769316,1711616529869316,21.01626666666666,20.222,25.629799999999992,28.33796,150.0
checkout,223,1711616529869316,1711616529969316,19.244913043478263,19.376,22.264599999999998,26.137020000000007,230.0
checkout,224,1711616529969316,1711616530069316,23.128619047619047,23.061,29.198,29.378,210.0
checkout,225,1711616530069316,1711616530169316,25.90427777777778,26.633499999999998,37.40334999999999,44.26386999999998,180.0
checkout,226,1711616530169316,1711616530269316,18.841499999999996,17.494999999999997,25.2145,26.432499999999997,160.0
checkout,227,1711616530269316,1711616530369316,19.487695652173915,19.676,24.8234,25.069840000000003,230.0
checkout,228,1711616530369316,1711616530469316,22.92321052631579,22.838,30.506099999999996,32.03322,190.0
checkout,229,1711616530469316,1711616530569316,25.599,25.348,32.5276,33.84368,270.0
checkout,230,1711616530569316,1711616530669316,16.056047619047618,15.616,18.544,19.292,210.0
checkout,231,1711616530669316,1711616530769316,19.542629629629634,18.693,24.5144,24.899379999999997,270.0
checkout,232,1711616530769316,1711616530869316,20.92393103448276,20.241,27.783599999999996,28.88,290.0
checkout,233,1711616530869316,1711616530969316,20.31189285714285,19.595,25.887150000000002,26.76199,280.0
checkout,234,1711616530969316,1711616531069316,19.577384615384616,19.528,24.685000000000002,27.9135,260.0
checkout,235,1711616531069316,1711616531169316,20.25457894736842,20.48,23.610999999999997,24.0142,190.0
checkout,236,1711616531169316,1711616531269316,25.30455,24.851,35.205450000000006,38.75388999999999,200.0
checkout,237,1711616531269316,1711616531369316,25.084318181818183,23.865499999999997,34.35745,35.27154,220.0
checkout,238,1711616531369316,1711616531469316,23.593519999999998,23.137,30.928999999999995,32.65512,250.0
checkout,239,1711616531469316,1711616531569316,19.70611764705882,19.04,24.5202,25.99924,170.0
checkout,240,1711616531569316,1711616531669316,18.665826086956525,18.378,21.493499999999997,22.625200000000003,230.0
checkout,241,1711616531669316,1711616531769316,19.118312500000002,18.311500000000002,24.793999999999997,26.701999999999998,160.0
checkout,242,1711616531769316,1711616531869316,15.745176470588236,15.161,18.6636,19.046319999999998,170.0
checkout,243,1711616531869316,1711616531969316,18.371050000000004,17.2055,26.8802,26.91364,200.0
checkout,244,1711616531969316,1711616532069316,20.53632258064516,20.126,24.773,28.108199999999997,310.0
checkout,245,1711616532069316,1711616532169316,19.65061111111111,19.3565,25.2118,26.471159999999998,180.0
checkout,246,1711616532169316,1711616532269316,20.05330434782609,20.093,25.686799999999998,25.929039999999997,230.0
checkout,247,1711616532269316,1711616532369316,24.594689655172413,24.632,36.1954,37.39036,290.0
checkout,248,1711616532369316,1711616532469316,22.105714285714285,23.034,25.561,25.6098,210.0
checkout,249,1711616532469316,1711616532569316,19.341526315789473,17.761,31.943099999999998,32.29662,190.0
checkout,250,1711616532569316,1711616532669316,21.01474074074074,21.051,26.6705,29.875139999999995,270.0
browse,0,1711616507569316,1711616507669316,0,0,0,0,0
browse,1,1711616507669316,1711616507769316,0,0,0,0,0
browse,2,1711616507769316,1711616507869316,0,0,0,0,0
browse,3,1711616507869316,1711616507969316,0,0,0,0,0
browse,4,1711616507969316,1711616508069316,0,0,0,0,0
browse,5,1711616508069316,1711616508169316,0,0,0,0,0
browse,6,1711616508169316,1711616508269316,0,0,0,0,0
browse,7,1711616508269316,1711616508369316,0,0,0,0,0
browse,8,1711616508369316,1711616508469316,0,0,0,0,0
browse,9,1711616508469316,1711616508569316,0,0,0,0,0
browse,10,1711616508569316,1711616508669316,0,0,0,0,0
browse,11,1711616508669316,1711616508769316,0,0,0,0,0
browse,12,1711616508769316,1711616508869316,0,0,0,0,0
browse,13,1711616508869316,1711616508969316,0,0,0,0,0
browse,14,1711616508969316,1711616509069316,11.953,11.953,11.953,11.953,10.0
browse,15,1711616509069316,1711616509169316,9.64964705882353,9.446,11.854000000000001,12.0172,170.0
browse,16,1711616509169316,1711616509269316,16.266347826086953,13.624,47.91569999999996,51.42568,230.0
browse,17,1711616509269316,1711616509369316,38.365300000000005,43.945,60.523099999999914,88.83121,400.0
browse,18,1711616509369316,1711616509469316,38.46337142857143,36.542,55.8214,57.41573999999999,350.0
browse,19,1711616509469316,1711616509569316,43.41505405405405,38.115,70.65679999999996,90.26176000000001,370.0
browse,20,1711616509569316,1711616509669316,48.04938709677418,49.957,67.263,77.2453,310.0
browse,21,1711616509669316,1711616509769316,43.97176666666666,45.7375,63.05279999999999,66.51224,300.0
browse,22,1711616509769316,1711616509869316,63.44454054054054,63.831,95.24439999999998,99.134,370.0
browse,23,1711616509869316,1711616509969316,47.39394285714286,48.532,76.82289999999998,91.62491999999996,350.0
browse,24,1711616509969316,1711616510069316,67.08525806451613,68.472,96.555,119.81469999999999,310.0
browse,25,1711616510069316,1711616510169316,71.60005714285714,73.731,105.63589999999999,109.43668,350.0
browse,26,1711616510169316,1711616510269316,81.84931578947369,84.30799999999999,116.71949999999998,129.22029,380.0
browse,27,1711616510269316,1711616510369316,91.5877659574468,94.817,123.9676,126.1138,470.0
browse,28,1711616510369316,1711616510469316,85.9837142857143,84.2515,140.37849999999997,156.72328,280.0
browse,29,1711616510469316,1711616510569316,87.62897368421052,85.287,151.1539,162.99640000000005,380.0
browse,30,1711616510569316,1711616510669316,95.24362962962965,96.909,130.647,133.4564,270.0
browse,31,1711616510669316,1711616510769316,126.18096428571428,117.185,217.89849999999998,266.32858,280.0
browse,32,1711616510769316,1711616510869316,119.76153846153844,125.028,186.9551,206.92301999999992,390.0
browse,33,1711616510869316,1711616510969316,128.71025000000003,125.32900000000001,211.49275,231.04524999999998,360.0
browse,34,1711616510969316,1711616511069316,138.24534375000002,145.49349999999998,210.13604999999995,235.24654,320.0
browse,35,1711616511069316,1711616511169316,123.37447368421051,124.287,182.80589999999998,196.62734000000003,380.0
browse,36,1711616511169316,1711616511269316,126.54364705882354,124.929,197.43325,219.87229000000005,340.0
browse,37,1711616511269316,1711616511369316,148.09929787234043,156.407,217.21589999999995,295.3754399999999,470.0
browse,38,1711616511369316,1711616511469316,143.79409756097562,127.041,262.829,273.64000000000004,410.0
browse,39,1711616511469316,1711616511569316,139.93135483870967,142.229,196.60649999999998,200.9718,310.0
browse,40,1711616511569316,1711616511669316,134.6889393939394,142.204,199.3532,226.13392,330.0
browse,41,1711616511669316,1711616511769316,126.29655000000002,129.106,191.26345,197.14267,400.0
browse,42,1711616511769316,1711616511869316,119.00007407407405,112.484,220.7903,244.58747999999994,270.0
browse,43,1711616511869316,1711616511969316,195.48768181818184,222.4225,301.13070000000005,328.9502,440.0
browse,44,1711616511969316,1711616512069316,165.88433333333333,172.577,250.647,261.49988,330.0
browse,45,1711616512069316,1711616512169316,165.7540303030303,152.362,279.4453999999999,322.40456,330.0
browse,46,1711616512169316,1711616512269316,190.893625,172.236,389.93375,448.96663000000007,320.0
browse,47,1711616512269316,1711616512369316,172.7279047619048,161.15050000000002,360.2681499999999,369.25792,420.0
browse,48,1711616512369316,1711616512469316,149.88364864864863,149.352,285.5302,305.48124,370.0
browse,49,1711616512469316,1711616512569316,220.2111176470588,207.9895,346.8598999999999,479.1108400000003,340.0
browse,50,1711616512569316,1711616512669316,248.46653125,264.433,387.9058,475.1781500000002,320.0
browse,51,1711616512669316,1711616512769316,251.1258,231.989,414.43039999999996,495.4125399999997,350.0
browse,52,1711616512769316,1711616512869316,226.6136571428571,224.929,391.9785999999998,510.2627599999997,350.0
browse,53,1711616512869316,1711616512969316,277.8053142857143,295.975,446.5998,447.16092,350.0
browse,54,1711616512969316,1711616513069316,251.23434615384616,242.596,342.8035,420.749,260.0
browse,55,1711616513069316,1711616513169316,283.1441818181819,289.141,377.4466,378.6234,330.0
browse,56,1711616513169316,1711616513269316,221.416375,251.308,368.52355,390.74311,320.0
browse,57,1711616513269316,1711616513369316,272.24175,271.5025,507.88599999999997,526.222,360.0
browse,58,1711616513369316,1711616513469316,272.19591111111106,258.418,394.5108,445.90236000000016,450.0
browse,59,1711616513469316,1711616513569316,287.18227272727273,276.346,421.96259999999984,556.3367599999999,330.0
browse,60,1711616513569316,1711616513669316,246.6472413793104,250.384,436.4721999999998,481.14412,290.0
browse,61,1711616513669316,1711616513769316,251.78654545454546,245.616,477.00899999999996,497.24076,330.0
browse,62,1711616513769316,1711616513869316,242.90364000000002,263.712,381.2084,463.6836399999998,250.0
browse,63,1711616513869316,1711616513969316,262.0879166666666,261.5355,381.0345,454.9731499999999,360.0
browse,64,1711616513969316,1711616514069316,259.7896285714285,269.558,392.73259999999993,474.7001399999997,350.0
browse,65,1711616514069316,1711616514169316,276.2928055555556,265.619,415.7165,501.66444999999993,360.0
browse,66,1711616514169316,1711616514269316,284.1425348837209,271.658,404.9006,438.9215999999999,430.0
browse,67,1711616514269316,1711616514369316,270.68080000000003,275.894,464.02199999999976,485.48364,250.0
browse,68,1711616514369316,1711616514469316,328.9470476190477,288.09749999999997,486.0804,632.6861199999998,420.0
browse,69,1711616514469316,1711616514569316,264.95181481481484,269.482,479.44819999999993,510.30784,270.0
browse,70,1711616514569316,1711616514669316,329.19035,297.015,525.1492999999999,576.5181799999999,400.0
browse,71,1711616514669316,1711616514769316,282.4475789473684,286.129,453.96374999999983,584.6657000000001,380.0
browse,72,1711616514769316,1711616514869316,327.14723076923076,327.942,508.54125,565.00225,260.0
browse,73,1711616514869316,1711616514969316,256.37336363636365,219.882,492.0357999999999,570.46872,330.0
browse,74,1711616514969316,1711616515069316,326.58170270270267,319.932,498.27019999999953,601.6140399999999,370.0
browse,75,1711616515069316,1711616515169316,303.9600909090909,315.144,485.22690000000006,685.2390300000001,440.0
browse,76,1711616515169316,1711616515269316,302.00763157894727,301.127,475.6927,573.7916200000004,380.0
browse,77,1711616515269316,1711616515369316,318.34561538461537,304.46500000000003,491.05725,586.60675,260.0
browse,78,1711616515369316,1711616515469316,346.66708108108105,323.217,509.00079999999997,589.3766400000001,370.0
browse,79,1711616515469316,1711616515569316,335.213375,306.82,602.01455,751.6409200000002,320.0
browse,80,1711616515569316,1711616515669316,387.41965116279073,370.692,628.6456999999999,651.9199,430.0
browse,81,1711616515669316,1711616515769316,338.6587804878049,360.999,553.694,621.6222,410.0
browse,82,1711616515769316,1711616515869316,394.77584375000004,362.269,566.4862499999999,784.1036500000002,320.0
browse,83,1711616515869316,1711616515969316,344.6083214285714,347.3705,614.5944999999997,757.4384200000001,280.0
browse,84,1711616515969316,1711616516069316,318.8808,329.627,495.28619999999995,581.6465999999996,350.0
browse,85,1711616516069316,1711616516169316,395.55079411764706,414.769,550.6722499999998,641.8015300000001,340.0
browse,86,1711616516169316,1711616516269316,340.03324999999995,337.345,543.1467,637.3770200000001,320.0
browse,87,1711616516269316,1711616516369316,403.0968148148148,370.167,674.3285999999999,777.9104199999998,270.0
browse,88,1711616516369316,1711616516469316,418.5064347826086,479.281,518.3118,541.82214,230.0
browse,89,1711616516469316,1711616516569316,332.63471428571427,344.1485,523.9252,548.3364199999999,420.0
browse,90,1711616516569316,1711616516669316,348.0171666666667,343.70349999999996,558.6940499999998,570.1558699999999,240.0
browse,91,1711616516669316,1711616516769316,320.44599999999997,325.079,629.001,646.8676,410.0
browse,92,1711616516769316,1711616516869316,381.08380645161293,432.422,658.3054999999999,703.8163,310.0
browse,93,1711616516869316,1711616516969316,345.0410270270271,315.77,624.7106,645.20388,370.0
browse,94,1711616516969316,1711616517069316,369.8000740740741,323.071,646.8864,678.75582,270.0
browse,95,1711616517069316,1711616517169316,380.2985588235294,345.44849999999997,700.0540500000001,821.9322200000003,340.0
browse,96,1711616517169316,1711616517269316,399.38017499999995,392.3755,583.7791999999997,691.59537,400.0
browse,97,1711616517269316,1711616517369316,440.63356250000004,443.2205,777.5685,864.1486000000001,320.0
browse,98,1711616517369316,1711616517469316,402.471375,388.45799999999997,598.9271,692.5884000000002,320.0
browse,99,1711616517469316,1711616517569316,437.1966285714286,378.06,740.2505999999997,810.2138199999999,350.0
browse,100,1711616517569316,1711616517669316,426.09351428571426,386.241,747.5490999999998,791.83904,350.0
browse,101,1711616517669316,1711616517769316,447.2714285714286,411.968,795.7578,811.8758399999999,350.0
browse,102,1711616517769316,1711616517869316,485.65037931034493,571.218,700.3217999999997,786.0101199999999,290.0
browse,103,1711616517869316,1711616517969316,425.91779310344833,408.141,610.1548,713.5902399999999,290.0
browse,104,1711616517969316,1711616518069316,511.20144444444446,580.1975,631.525,723.3801499999998,360.0
browse,105,1711616518069316,1711616518169316,427.03377142857147,406.1,689.1646999999994,831.3956999999999,350.0
browse,106,1711616518169316,1711616518269316,420.04993939393944,412.384,656.6926,926.2324,330.0
browse,107,1711616518269316,1711616518369316,474.65370833333327,416.29499999999996,832.9302,836.70177,240.0
browse,108,1711616518369316,1711616518469316,441.3784750000001,433.402,814.6977499999999,829.91327,400.0
browse,109,1711616518469316,1711616518569316,454.95538461538456,430.194,652.9507000000002,795.9784199999999,390.0
browse,110,1711616518569316,1711616518669316,452.98236585365856,469.707,816.757,942.9400000000003,410.0
browse,111,1711616518669316,1711616518769316,490.29525,435.4495,825.704,852.7970700000001,320.0
browse,112,1711616518769316,1711616518869316,395.3022558139535,403.99,650.546,875.0054399999995,430.0
browse,113,1711616518869316,1711616518969316,359.53539130434785,369.96,634.6058,734.9041800000001,230.0
browse,114,1711616518969316,1711616519069316,490.673,467.26099999999997,735.8590499999999,822.62629,320.0
browse,115,1711616519069316,1711616519169316,480.35230303030306,455.932,696.2799999999999,777.9295199999999,330.0
browse,116,1711616519169316,1711616519269316,439.5854864864865,421.651,837.6891999999999,966.0933600000001,370.0
browse,117,1711616519269316,1711616519369316,445.17194444444453,431.827,778.1135,825.6778,360.0
browse,118,1711616519369316,1711616519469316,403.8288928571428,428.317,770.6452499999998,839.108,280.0
browse,119,1711616519469316,1711616519569316,473.8464146341463,462.21,856.342,993.4610000000002,410.0
browse,120,1711616519569316,1711616519669316,433.89933333333335,431.1835,853.2606999999999,926.6887999999998,420.0
browse,121,1711616519669316,1711616519769316,538.1856578947369,597.2205,905.89455,917.43189,380.0
browse,122,1711616519769316,1711616519869316,435.1273333333333,425.798,663.498,668.8732,210.0
browse,123,1711616519869316,1711616519969316,494.1860909090909,461.199,747.5001999999998,841.52764,330.0
browse,124,1711616519969316,1711616520069316,450.6904848484849,452.421,736.9729999999997,864.34728,330.0
browse,125,1711616520069316,1711616520169316,458.44737931034484,439.066,873.2076000000001,1041.6565599999997,290.0
browse,126,1711616520169316,1711616520269316,451.29493939393944,457.563,746.3257999999996,990.23652,330.0
browse,127,1711616520269316,1711616520369316,438.7534864864865,462.808,817.2371999999999,865.7530399999999,370.0
browse,128,1711616520369316,1711616520469316,396.7217586206897,431.759,632.645,754.6369199999998,290.0
browse,129,1711616520469316,1711616520569316,401.7554242424242,416.923,630.3962,651.93956,330.0
browse,130,1711616520569316,1711616520669316,458.47476086956516,423.50649999999996,716.0917499999999,930.2691499999991,460.0
browse,131,1711616520669316,1711616520769316,424.27736363636376,420.64300000000003,817.5614,898.7712300000001,440.0
browse,132,1711616520769316,1711616520869316,404.6171666666667,410.1875,628.5563500000001,918.2136400000004,300.0
browse,133,1711616520869316,1711616520969316,404.53877777777785,401.953,621.9026,751.5349600000004,450.0
browse,134,1711616520969316,1711616521069316,496.9388571428571,520.0435,741.2335999999998,827.28693,280.0
browse,135,1711616521069316,1711616521169316,421.63911363636356,424.7415,736.4682500000001,827.36093,440.0
browse,136,1711616521169316,1711616521269316,449.3822727272727,425.613,631.9200000000001,637.2301199999999,330.0
browse,137,1711616521269316,1711616521369316,485.7295862068966,454.005,870.7751999999999,889.18256,290.0
browse,138,1711616521369316,1711616521469316,440.38768,432.309,655.4519999999999,746.7635199999997,250.0
browse,139,1711616521469316,1711616521569316,456.6835862068965,415.509,772.6557999999995,1022.0997199999998,290.0
browse,140,1711616521569316,1711616521669316,470.6058863636363,479.104,836.4368499999999,862.6186,440.0
browse,141,1711616521669316,1711616521769316,436.3172142857143,446.70500000000004,681.6748999999999,803.5847699999993,420.0
browse,142,1711616521769316,1711616521869316,491.3834545454546,449.413,824.7502,842.37792,330.0
browse,143,1711616521869316,1711616521969316,371.8187179487179,260.045,686.3565000000002,797.79408,390.0
browse,144,1711616521969316,1711616522069316,423.9446857142857,435.526,758.5304,781.6901999999999,350.0
browse,145,1711616522069316,1711616522169316,474.2625151515152,477.706,690.3982,746.94304,330.0
browse,146,1711616522169316,1711616522269316,361.78950000000003,409.038,562.51095,650.4857700000002,320.0
browse,147,1711616522269316,1711616522369316,362.5417878787879,388.819,509.3028,556.5756799999999,330.0
browse,148,1711616522369316,1711616522469316,332.5756206896551,341.491,447.2814,450.01716,290.0
browse,149,1711616522469316,1711616522569316,248.7555,193.89,404.4875,435.306,260.0
browse,150,1711616522569316,1711616522669316,143.8023255813953,152.072,308.4758,327.38059999999996,430.0
browse,151,1711616522669316,1711616522769316,137.99076190476188,180.4185,232.87099999999998,253.60458,420.0
browse,152,1711616522769316,1711616522869316,100.97769696969695,93.129,160.19039999999998,174.6208,330.0
browse,153,1711616522869316,1711616522969316,61.79455263157895,60.5145,104.00259999999997,124.00005000000002,380.0
browse,154,1711616522969316,1711616523069316,44.32764,36.432,76.20459999999999,88.78955999999998,250.0
browse,155,1711616523069316,1711616523169316,19.48890909090909,18.594,29.699,30.1404,330.0
browse,156,1711616523169316,1711616523269316,19.437975609756094,19.389,26.732,27.2532,410.0
browse,157,1711616523269316,1711616523369316,20.050592592592594,17.71,29.5026,30.31444,270.0
browse,158,1711616523369316,1711616523469316,20.680100000000003,21.015500000000003,29.453049999999998,30.769750000000002,300.0
browse,159,1711616523469316,1711616523569316,23.87480555555556,23.9865,33.519,34.93214999999999,360.0
browse,160,1711616523569316,1711616523669316,24.08825531914894,24.22,34.629099999999994,37.95948,470.0
browse,161,1711616523669316,1711616523769316,25.980363636363634,27.517,35.5558,36.382920000000006,330.0
browse,162,1711616523769316,1711616523869316,23.427451612903226,23.367,31.1715,32.2854,310.0
browse,163,1711616523869316,1711616523969316,20.037444444444443,19.487000000000002,27.73725,29.767049999999998,360.0
browse,164,1711616523969316,1711616524069316,22.22151428571429,21.597,29.5706,31.87073999999999,350.0
browse,165,1711616524069316,1711616524169316,81.61209677419353,24.621,277.8265,369.2605,310.0
browse,166,1711616524169316,1711616524269316,347.7205483870968,362.368,500.9275,511.101,310.0
browse,167,1711616524269316,1711616524369316,387.0423333333333,377.0095,492.9689,524.13058,240.0
browse,168,1711616524369316,1711616524469316,319.76219512195115,302.275,404.993,415.53839999999997,410.0
browse,169,1711616524469316,1711616524569316,241.43703571428574,238.85500000000002,316.97735,325.66784,280.0
browse,170,1711616524569316,1711616524669316,149.65085294117648,116.1525,265.8501,305.1116000000001,340.0
browse,171,1711616524669316,1711616524769316,114.10834210526316,102.03800000000001,190.96869999999998,216.1806400000001,380.0
browse,172,1711616524769316,1711616524869316,84.85578124999999,86.22149999999999,124.68655,134.26932,320.0
browse,173,1711616524869316,1711616524969316,41.64943902439024,40.68,67.262,85.01980000000002,410.0
browse,174,1711616524969316,1711616525069316,23.62815789473684,23.741,33.26845,34.224270000000004,380.0
browse,175,1711616525069316,1711616525169316,20.87318918918919,21.125,27.046599999999998,30.12836,370.0
browse,176,1711616525169316,1711616525269316,18.26716,18.257,22.726999999999997,23.25752,250.0
browse,177,1711616525269316,1711616525369316,25.15990322580645,24.468,35.714,37.633599999999994,310.0
browse,178,1711616525369316,1711616525469316,29.54960606060606,27.122,43.234599999999986,49.71064,330.0
browse,179,1711616525469316,1711616525569316,23.632758620689653,24.1,32.5986,36.01884,290.0
browse,180,1711616525569316,1711616525669316,18.21886111111111,17.9535,23.2475,24.05365,360.0
browse,181,1711616525669316,1711616525769316,17.90236363636364,17.472,26.5738,27.966079999999998,330.0
browse,182,1711616525769316,1711616525869316,18.436909090909094,18.154,24.759399999999996,27.08388,330.0
browse,183,1711616525869316,1711616525969316,18.845,18.777,24.7688,26.19682,270.0
browse,184,1711616525969316,1711616526069316,19.30555172413793,19.629,24.2038,25.14884,290.0
browse,185,1711616526069316,1711616526169316,19.475187500000004,20.1235,25.29355,27.0559,320.0
browse,186,1711616526169316,1711616526269316,19.66311111111111,19.7275,25.57075,29.263549999999995,360.0
browse,187,1711616526269316,1711616526369316,21.449944444444448,20.4815,28.38775,29.166349999999998,180.0
browse,188,1711616526369316,1711616526469316,24.852405405405406,24.085,34.007600000000004,35.84424,370.0
browse,189,1711616526469316,1711616526569316,22.166228571428572,22.165,27.8266,28.66694,350.0
browse,190,1711616526569316,1711616526669316,21.474348837209302,21.925,26.3993,27.196979999999996,430.0
browse,191,1711616526669316,1711616526769316,17.495375000000003,17.3995,23.482349999999997,26.344880000000003,320.0
browse,192,1711616526769316,1711616526869316,25.70378125,24.1515,33.72465,38.477810000000005,320.0
browse,193,1711616526869316,1711616526969316,22.102195652173915,22.482,28.1095,28.825,460.0
browse,194,1711616526969316,1711616527069316,21.070605263157894,20.203,29.4248,30.536770000000004,380.0
browse,195,1711616527069316,1711616527169316,17.30989655172414,17.033,23.271599999999996,25.360239999999997,290.0
browse,196,1711616527169316,1711616527269316,18.293,17.948,23.282599999999995,28.513079999999988,250.0
browse,197,1711616527269316,1711616527369316,17.964764705882352,18.13,22.62125,24.871600000000004,340.0
browse,198,1711616527369316,1711616527469316,20.263566666666666,20.268,27.062499999999996,28.10575,300.0
browse,199,1711616527469316,1711616527569316,19.20848888888889,19.116,25.516399999999997,27.495120000000004,450.0
browse,200,1711616527569316,1711616527669316,18.948235294117644,18.881999999999998,24.42655,25.882370000000005,340.0
browse,201,1711616527669316,1711616527769316,17.60844,17.087,23.847199999999997,24.55428,250.0
browse,202,1711616527769316,1711616527869316,18.823400000000003,19.119,23.480299999999996,24.331179999999996,350.0
browse,203,1711616527869316,1711616527969316,20.342529411764705,19.9375,26.088049999999996,29.841250000000006,340.0
browse,204,1711616527969316,1711616528069316,20.650676470588234,20.225,29.610699999999998,31.030110000000004,340.0
browse,205,1711616528069316,1711616528169316,19.78354285714286,19.862,25.778299999999998,26.997739999999997,350.0
browse,206,1711616528169316,1711616528269316,19.73225714285714,19.41,24.6606,25.622439999999997,350.0
browse,207,1711616528269316,1711616528369316,19.577257142857146,18.834,26.6236,27.358819999999998,350.0
browse,208,1711616528369316,1711616528469316,21.40859090909091,21.167499999999997,29.7469,30.267760000000003,220.0
browse,209,1711616528469316,1711616528569316,21.401,20.683,28.827099999999994,30.426779999999997,350.0
browse,210,1711616528569316,1711616528669316,20.12789473684211,19.98,28.512999999999998,30.224490000000007,380.0
browse,211,1711616528669316,1711616528769316,19.15359375,18.829,24.99445,25.35491,320.0
browse,212,1711616528769316,1711616528869316,20.19077777777778,20.043,28.504,32.471999999999994,360.0
browse,213,1711616528869316,1711616528969316,23.256999999999998,22.967,32.9811,34.596239999999995,270.0
browse,214,1711616528969316,1711616529069316,19.028749999999995,18.5315,24.57155,25.25326,320.0
browse,215,1711616529069316,1711616529169316,20.63368181818182,20.8465,27.074650000000002,30.9553,440.0
browse,216,1711616529169316,1711616529269316,22.374560975609754,22.651,28.702,31.172000000000004,410.0
browse,217,1711616529269316,1711616529369316,31.19308823529412,30.1555,40.3921,43.68704000000001,340.0
browse,218,1711616529369316,1711616529469316,26.344175,26.4035,34.60065,35.35392,400.0
browse,219,1711616529469316,1711616529569316,24.78613888888889,25.014,31.875500000000002,34.00895,360.0
browse,220,1711616529569316,1711616529669316,20.384621621621623,20.851,26.4252,27.93448,370.0
browse,221,1711616529669316,1711616529769316,21.025705882352938,20.977,27.8374,28.05241,340.0
browse,222,1711616529769316,1711616529869316,19.377781249999998,19.1715,26.06515,28.302310000000002,320.0
browse,223,1711616529869316,1711616529969316,20.66,20.195,28.95,31.734400000000004,410.0
browse,224,1711616529969316,1711616530069316,17.93087878787879,18.344,26.4572,26.78052,330.0
browse,225,1711616530069316,1711616530169316,22.216000000000005,22.951,33.6856,36.181039999999996,290.0
browse,226,1711616530169316,1711616530269316,20.38463414634146,19.989,27.756,29.0892,410.0
browse,227,1711616530269316,1711616530369316,17.552764705882357,17.187,21.17385,25.83148000000001,340.0
browse,228,1711616530369316,1711616530469316,19.935906250000002,20.253999999999998,27.472699999999996,29.11193,320.0
browse,229,1711616530469316,1711616530569316,16.674719999999997,16.759,21.387999999999998,22.351119999999998,250.0
browse,230,1711616530569316,1711616530669316,18.954500000000003,19.5075,25.2418,26.56878,320.0
browse,231,1711616530669316,1711616530769316,18.292333333333335,18.102,23.648899999999998,24.778779999999998,270.0
browse,232,1711616530769316,1711616530869316,17.96703448275862,18.597,23.0064,23.4588,290.0
browse,233,1711616530869316,1711616530969316,17.330641025641025,17.636,25.7102,27.441739999999996,390.0
browse,234,1711616530969316,1711616531069316,20.411066666666667,20.478,26.154249999999998,26.32488,300.0
browse,235,1711616531069316,1711616531169316,19.724555555555558,20.142,26.38825,27.3205,360.0
browse,236,1711616531169316,1711616531269316,23.617137931034478,22.824,32.5728,33.58928,290.0
browse,237,1711616531269316,1711616531369316,18.293578947368424,18.498,22.6112,23.257170000000002,380.0
browse,238,1711616531369316,1711616531469316,27.066545454545455,26.895,36.5336,38.427600000000005,330.0
browse,239,1711616531469316,1711616531569316,22.426175,21.793,31.298,32.373419999999996,400.0
browse,240,1711616531569316,1711616531669316,18.287608695652175,17.287,23.0499,26.592600000000004,230.0
browse,241,1711616531669316,1711616531769316,19.556204081632654,19.862,25.9236,27.38736,490.0
browse,242,1711616531769316,1711616531869316,19.16019230769231,18.6645,24.28325,25.9985,260.0
browse,243,1711616531869316,1711616531969316,21.98254545454546,21.735999999999997,30.21575,33.78347,440.0
browse,244,1711616531969316,1711616532069316,19.89848275862069,19.658,27.385399999999997,28.4462,290.0
browse,245,1711616532069316,1711616532169316,17.889375,17.689,22.298650000000002,23.76183,240.0
browse,246,1711616532169316,1711616532269316,17.081848484848486,17.147,22.0766,25.24352,330.0
browse,247,1711616532269316,1711616532369316,18.947103448275858,18.562,26.512399999999996,27.29448,290.0
browse,248,1711616532369316,1711616532469316,19.910058823529415,19.432000000000002,28.188349999999996,34.44633000000001,340.0
browse,249,1711616532469316,1711616532569316,18.551428571428573,18.31,25.25445,28.72459,420.0
browse,250,1711616532569316,1711616532669316,19.430400000000002,19.894,25.0912,26.218859999999996,350.0
view,0,1711616507569316,1711616507669316,0,0,0,0,0
view,1,1711616507669316,1711616507769316,0,0,0,0,0
view,2,1711616507769316,1711616507869316,0,0,0,0,0
view,3,1711616507869316,1711616507969316,0,0,0,0,0
view,4,1711616507969316,1711616508069316,0,0,0,0,0
view,5,1711616508069316,1711616508169316,0,0,0,0,0
view,6,1711616508169316,1711616508269316,0,0,0,0,0
view,7,1711616508269316,1711616508369316,0,0,0,0,0
view,8,1711616508369316,1711616508469316,0,0,0,0,0
view,9,1711616508469316,1711616508569316,0,0,0,0,0
view,10,1711616508569316,1711616508669316,0,0,0,0,0
view,11,1711616508669316,1711616508769316,0,0,0,0,0
view,12,1711616508769316,1711616508869316,0,0,0,0,0
view,13,1711616508869316,1711616508969316,0,0,0,0,0
view,14,1711616508969316,1711616509069316,13.577,13.577,13.577,13.577,10.0
view,15,1711616509069316,1711616509169316,12.426222222222222,12.17,13.2982,13.31964,90.0
view,16,1711616509169316,1711616509269316,12.441722222222221,12.209499999999998,13.52125,13.55865,180.0
view,17,1711616509269316,1711616509369316,26.873684210526314,17.143,50.6257,51.91234,190.0
view,18,1711616509369316,1711616509469316,26.980875,25.0535,40.81825,42.87565,160.0
view,19,1711616509469316,1711616509569316,26.5739375,25.911,35.0815,35.2627,160.0
view,20,1711616509569316,1711616509669316,29.382958333333335,26.2215,43.0154,44.87341,240.0
view,21,1711616509669316,1711616509769316,24.451875,22.819499999999998,34.52995,36.93178,240.0
view,22,1711616509769316,1711616509869316,34.444444444444436,32.858,54.2592,55.84802,270.0
view,23,1711616509869316,1711616509969316,31.045500000000004,27.7505,58.00725,58.80325,260.0
view,24,1711616509969316,1711616510069316,36.602277777777786,38.685500000000005,54.93745,56.40829,180.0
view,25,1711616510069316,1711616510169316,42.3061875,46.016,61.213249999999995,63.426649999999995,160.0
view,26,1711616510169316,1711616510269316,31.31796,25.138,53.26559999999998,60.737999999999985,250.0
view,27,1711616510269316,1711616510369316,47.72166666666667,51.422,75.464,76.7688,210.0
view,28,1711616510369316,1711616510469316,55.417307692307695,56.449,78.56079999999999,82.62975999999999,130.0
view,29,1711616510469316,1711616510569316,59.73317391304347,63.089,107.43829999999998,119.18834000000001,230.0
view,30,1711616510569316,1711616510669316,61.301130434782614,65.108,97.87909999999998,102.7461,230.0
view,31,1711616510669316,1711616510769316,64.43366666666667,64.217,94.9416,97.89062,270.0
view,32,1711616510769316,1711616510869316,62.778137931034465,61.406,103.79899999999998,108.2894,290.0
view,33,1711616510869316,1711616510969316,45.98051851851851,39.889,76.014,80.97178,270.0
view,34,1711616510969316,1711616511069316,53.31036,58.368,92.71219999999997,97.90063999999998,250.0
view,35,1711616511069316,1711616511169316,45.2105294117647,40.56,76.2088,80.76176000000001,170.0
view,36,1711616511169316,1711616511269316,38.881526315789465,37.761,62.67909999999998,68.70622,190.0
view,37,1711616511269316,1711616511369316,52.756826086956515,52.341,89.79119999999999,97.77352,230.0
view,38,1711616511369316,1711616511469316,50.704800000000006,44.419,86.6286,91.95772,200.0
view,39,1711616511469316,1711616511569316,43.27033333333333,38.403,78.814,81.5772,210.0
view,40,1711616511569316,1711616511669316,37.16020833333334,29.473,61.586349999999996,72.34119999999999,240.0
view,41,1711616511669316,1711616511769316,40.727133333333335,45.051,66.91929999999999,68.46546000000001,150.0
view,42,1711616511769316,1711616511869316,37.51385714285714,36.92,65.9412,74.78743999999999,140.0
view,43,1711616511869316,1711616511969316,44.12409677419353,43.724,65.4745,68.1216,310.0
view,44,1711616511969316,1711616512069316,45.60528,46.023,75.42359999999998,77.62136,250.0
view,45,1711616512069316,1711616512169316,40.27235714285713,42.1375,65.77025,79.36952000000001,280.0
view,46,1711616512169316,1711616512269316,43.315599999999996,48.165,65.6231,68.85822,150.0
view,47,1711616512269316,1711616512369316,28.819391304347832,22.162,56.92289999999999,60.11598000000001,230.0
view,48,1711616512369316,1711616512469316,42.66305,45.233000000000004,74.66460000000001,77.56172,200.0
view,49,1711616512469316,1711616512569316,36.90686956521739,30.398,64.42309999999999,67.3619,230.0
view,50,1711616512569316,1711616512669316,42.709037037037035,42.58,70.0661,71.51852,270.0
view,51,1711616512669316,1711616512769316,47.717291666666675,47.9465,71.76915,72.05927,240.0
view,52,1711616512769316,1711616512869316,28.805965517241383,22.235,53.864599999999996,57.73499999999999,290.0
view,53,1711616512869316,1711616512969316,32.114464285714284,29.619500000000002,54.51605,56.82433,280.0
view,54,1711616512969316,1711616513069316,36.87227272727273,39.278,59.861599999999996,80.13896999999997,220.0
view,55,1711616513069316,1711616513169316,43.27245454545454,38.095,70.09605,76.21644,220.0
view,56,1711616513169316,1711616513269316,26.554764705882356,21.664,44.489599999999996,46.19392,170.0
view,57,1711616513269316,1711616513369316,31.069347826086958,22.806,56.810399999999994,58.476400000000005,230.0
view,58,1711616513369316,1711616513469316,41.37584000000001,33.372,64.9624,73.53891999999998,250.0
view,59,1711616513469316,1711616513569316,33.98754545454545,30.2965,63.49155,64.62657,220.0
view,60,1711616513569316,1711616513669316,27.6778,23.62,43.129,45.318599999999996,150.0
view,61,1711616513669316,1711616513769316,37.18139130434783,34.567,63.163799999999995,66.0122,230.0
view,62,1711616513769316,1711616513869316,31.6784,29.057,56.8078,61.38407999999999,250.0
view,63,1711616513869316,1711616513969316,42.59,38.3405,76.98564999999999,82.52832999999998,180.0
view,64,1711616513969316,1711616514069316,34.12747368421053,30.886,59.92619999999997,69.35244,190.0
view,65,1711616514069316,1711616514169316,33.88881818181819,25.3995,64.43225,68.23285,220.0
view,66,1711616514169316,1711616514269316,27.18135294117647,24.186,52.70119999999999,60.468239999999994,170.0
view,67,1711616514269316,1711616514369316,42.15275,41.3855,73.29814999999999,80.09776000000001,240.0
view,68,1711616514369316,1711616514469316,42.88172,37.239,76.66859999999998,83.11707999999999,250.0
view,69,1711616514469316,1711616514569316,37.571999999999996,33.74,67.734,69.88040000000001,210.0
view,70,1711616514569316,1711616514669316,47.04066666666667,46.62,70.2119,76.28675999999999,270.0
view,71,1711616514669316,1711616514769316,38.98491666666666,40.498000000000005,62.52479999999999,64.75666,240.0
view,72,1711616514769316,1711616514869316,36.9644375,36.4705,58.39,65.0692,160.0
view,73,1711616514869316,1711616514969316,28.5625,21.869,52.87755000000001,59.51310999999998,200.0
view,74,1711616514969316,1711616515069316,40.80608333333333,37.1325,66.087,70.84291999999999,240.0
view,75,1711616515069316,1711616515169316,31.52317391304348,22.42,55.4373,66.34908000000001,230.0
view,76,1711616515169316,1711616515269316,47.06047368421053,49.056,69.8205,70.6161,190.0
view,77,1711616515269316,1711616515369316,51.990919999999996,54.398,82.94279999999999,84.55444,250.0
view,78,1711616515369316,1711616515469316,61.15668749999999,65.1785,92.62925,94.51625,160.0
view,79,1711616515469316,1711616515569316,48.8895,45.6785,84.5645,101.29075,260.0
view,80,1711616515569316,1711616515669316,53.84113333333334,45.836,97.9051,98.18342,150.0
view,81,1711616515669316,1711616515769316,58.39603846153846,56.692,92.2005,105.087,260.0
view,82,1711616515769316,1711616515869316,58.96689999999999,62.6105,82.57220000000001,88.29043999999999,200.0
view,83,1711616515869316,1711616515969316,42.39088461538461,43.307500000000005,69.342,69.78525,260.0
view,84,1711616515969316,1711616516069316,34.107625,22.576,65.3835,66.3039,160.0
view,85,1711616516069316,1711616516169316,33.13788571428571,29.248,57.387899999999995,58.16462,350.0
view,86,1711616516169316,1711616516269316,35.262565217391305,32.668,64.08529999999999,65.57656,230.0
view,87,1711616516269316,1711616516369316,40.77511764705882,39.886,60.73819999999999,64.33564,170.0
view,88,1711616516369316,1711616516469316,48.542038461538475,48.815,76.236,79.24825,260.0
view,89,1711616516469316,1711616516569316,35.64243478260869,31.361,59.91899999999999,63.88788000000001,230.0
view,90,1711616516569316,1711616516669316,38.14485714285714,35.804,60.946,67.11080000000001,210.0
view,91,1711616516669316,1711616516769316,33.77957142857143,26.659,58.703,59.650200000000005,210.0
view,92,1711616516769316,1711616516869316,38.247440000000005,33.076,66.13579999999999,67.49416,250.0
view,93,1711616516869316,1711616516969316,32.79346153846154,20.435,71.16159999999999,73.32592,130.0
view,94,1711616516969316,1711616517069316,40.8566,24.258,74.0356,76.08952,250.0
view,95,1711616517069316,1711616517169316,53.0644,52.2265,78.18265000000001,80.75292,300.0
view,96,1711616517169316,1711616517269316,36.59325,37.876999999999995,54.675250000000005,56.87665,160.0
view,97,1711616517269316,1711616517369316,49.29331818181817,57.121,70.0972,75.31935,220.0
view,98,1711616517369316,1711616517469316,37.1944,32.981,68.0791,68.70382,200.0
view,99,1711616517469316,1711616517569316,39.33103846153846,42.078,68.203,70.43,260.0
view,100,1711616517569316,1711616517669316,48.686150000000005,54.1855,73.8043,75.75446,200.0
view,101,1711616517669316,1711616517769316,39.92564,41.517,63.3714,63.6866,250.0
view,102,1711616517769316,1711616517869316,37.30889285714285,28.933,63.72135,66.86426,280.0
view,103,1711616517869316,1711616517969316,30.627423076923076,22.3925,56.64325,61.74675,260.0
view,104,1711616517969316,1711616518069316,39.45246875000001,36.7225,64.47575,67.07997,320.0
view,105,1711616518069316,1711616518169316,35.21404166666667,38.378,52.859049999999996,56.42342,240.0
view,106,1711616518169316,1711616518269316,41.00273913043478,44.821,65.9309,81.37362000000002,230.0
view,107,1711616518269316,1711616518369316,40.26874193548387,44.04,60.9425,66.58259999999999,310.0
view,108,1711616518369316,1711616518469316,33.198874999999994,31.41,50.8393,52.492709999999995,240.0
view,109,1711616518469316,1711616518569316,39.5995,38.0145,67.54419999999999,74.99005,240.0
view,110,1711616518569316,1711616518669316,33.718631578947374,28.452,63.4447,65.24974,190.0
view,111,1711616518669316,1711616518769316,37.588809523809516,37.839,58.597,62.99620000000001,210.0
view,112,1711616518769316,1711616518869316,36.01147826086957,36.937,57.15559999999999,58.37622,230.0
view,113,1711616518869316,1711616518969316,34.254333333333335,40.0045,52.412849999999985,61.08896999999998,180.0
view,114,1711616518969316,1711616519069316,33.285838709677414,29.778,55.8485,57.1214,310.0
view,115,1711616519069316,1711616519169316,30.118777777777776,22.87,53.9015,54.230799999999995,270.0
view,116,1711616519169316,1711616519269316,31.79691304347826,19.895,61.221599999999995,63.48852000000001,230.0
view,117,1711616519269316,1711616519369316,42.02441666666667,37.2435,64.3436,71.35821999999999,240.0
view,118,1711616519369316,1711616519469316,28.147947368421054,23.259,48.4795,48.5911,190.0
view,119,1711616519469316,1711616519569316,30.660176470588233,25.976,51.835,52.0846,170.0
view,120,1711616519569316,1711616519669316,45.72148148148148,49.39,68.9333,78.78049999999998,270.0
view,121,1711616519669316,1711616519769316,37.815107142857144,34.75,62.851299999999995,73.94923,280.0
view,122,1711616519769316,1711616519869316,40.577517241379304,38.395,69.4724,71.78072,290.0
view,123,1711616519869316,1711616519969316,52.037375,60.945,80.92424999999999,87.34199,240.0
view,124,1711616519969316,1711616520069316,55.29977272727273,56.765,79.8206,88.14878999999999,220.0
view,125,1711616520069316,1711616520169316,53.8718,55.826,75.7238,98.07399999999996,250.0
view,126,1711616520169316,1711616520269316,41.291181818181826,42.0195,68.71419999999999,69.71289,220.0
view,127,1711616520269316,1711616520369316,42.59070833333333,44.394000000000005,66.80945,79.18265,240.0
view,128,1711616520369316,1711616520469316,47.38844,39.087,101.34059999999997,104.6572,250.0
view,129,1711616520469316,1711616520569316,43.766000000000005,40.707,77.25150000000001,87.52924999999999,220.0
view,130,1711616520569316,1711616520669316,50.00511538461538,44.032,82.73225,86.755,260.0
view,131,1711616520669316,1711616520769316,42.61143478260869,32.845,72.3837,84.35622000000002,230.0
view,132,1711616520769316,1711616520869316,46.924958333333336,47.939,73.53304999999999,82.44388,240.0
view,133,1711616520869316,1711616520969316,38.086666666666666,38.0975,62.16004999999999,66.74800999999998,180.0
view,134,1711616520969316,1711616521069316,43.640806451612896,38.188,80.97800000000001,83.86099999999999,310.0
view,135,1711616521069316,1711616521169316,36.34166666666667,33.035,69.59349999999999,72.38207,240.0
view,136,1711616521169316,1711616521269316,34.13171428571429,33.1245,58.07915,65.43662999999998,140.0
view,137,1711616521269316,1711616521369316,45.67321428571429,45.01,73.38459999999999,76.00898,280.0
view,138,1711616521369316,1711616521469316,39.64409523809524,37.937,64.701,65.3202,210.0
view,139,1711616521469316,1711616521569316,43.54403846153846,46.185,67.93975,69.87625,260.0
view,140,1711616521569316,1711616521669316,43.36239285714286,40.9395,71.4733,77.1469,280.0
view,141,1711616521669316,1711616521769316,42.30505000000001,40.338,68.20260000000002,90.34291999999996,200.0
view,142,1711616521769316,1711616521869316,37.21245833333333,43.428,60.75394999999998,64.02845,240.0
view,143,1711616521869316,1711616521969316,37.03653333333333,40.671499999999995,57.79739999999998,60.485640000000004,300.0
view,144,1711616521969316,1711616522069316,31.241190476190486,23.502,55.581,57.8994,210.0
view,145,1711616522069316,1711616522169316,37.341454545454546,38.823499999999996,62.98525,69.45497,220.0
view,146,1711616522169316,1711616522269316,33.72567857142857,31.4125,60.7031,62.92328,280.0
view,147,1711616522269316,1711616522369316,31.322111111111113,25.282,62.213399999999986,70.38427999999999,180.0
view,148,1711616522369316,1711616522469316,36.68792857142858,34.415000000000006,57.84515,62.982780000000005,280.0
view,149,1711616522469316,1711616522569316,37.2749375,33.596000000000004,57.6225,59.4261,160.0
view,150,1711616522569316,1711616522669316,21.059520000000003,20.048,26.354199999999995,27.929559999999995,250.0
view,151,1711616522669316,1711616522769316,19.507263157894737,19.492,21.99569999999999,25.276740000000004,190.0
view,152,1711616522769316,1711616522869316,21.958624999999998,20.3795,31.772949999999998,32.29262,240.0
view,153,1711616522869316,1711616522969316,21.820833333333336,20.128,29.557549999999996,32.20925,240.0
view,154,1711616522969316,1711616523069316,22.68915384615385,23.060000000000002,24.7495,26.81175,260.0
view,155,1711616523069316,1711616523169316,16.131149999999998,15.846,20.217850000000002,22.525969999999997,200.0
view,156,1711616523169316,1711616523269316,17.588238095238093,17.484,22.631,22.7574,210.0
view,157,1711616523269316,1711616523369316,18.3986,17.607,25.261,26.3642,150.0
view,158,1711616523369316,1711616523469316,18.2514,18.923,24.5778,24.793319999999998,250.0
view,159,1711616523469316,1711616523569316,16.253285714285717,15.3325,21.00675,21.46695,140.0
view,160,1711616523569316,1711616523669316,20.99448,20.086,32.22679999999998,35.393519999999995,250.0
view,161,1711616523669316,1711616523769316,25.598260869565213,26.492,31.594499999999996,33.61236,230.0
view,162,1711616523769316,1711616523869316,19.1352,19.693,22.773,22.94352,250.0
view,163,1711616523869316,1711616523969316,16.639149999999997,16.8355,19.3032,20.233439999999998,200.0
view,164,1711616523969316,1711616524069316,17.30961111111111,17.3835,21.33145,21.360689999999998,180.0
view,165,1711616524069316,1711616524169316,26.01475,16.453,65.6365,68.1369,200.0
view,166,1711616524169316,1711616524269316,57.579,53.092,95.7341,116.05498000000003,230.0
view,167,1711616524269316,1711616524369316,73.7361923076923,71.955,105.861,119.25825,260.0
view,168,1711616524369316,1711616524469316,77.49490909090909,82.70400000000001,111.75565,115.41352,220.0
view,169,1711616524469316,1711616524569316,79.53857692307693,79.152,109.48474999999999,119.053,260.0
view,170,1711616524569316,1711616524669316,26.260944444444444,19.7145,42.54264999999999,49.55412999999999,180.0
view,171,1711616524669316,1711616524769316,19.72564705882353,19.621,21.5754,22.648680000000002,170.0
view,172,1711616524769316,1711616524869316,20.625999999999998,21.002,24.2458,24.3228,250.0
view,173,1711616524869316,1711616524969316,22.373066666666663,21.541,29.5602,31.102439999999998,150.0
view,174,1711616524969316,1711616525069316,20.525375,21.0025,25.505,25.5098,160.0
view,175,1711616525069316,1711616525169316,19.05165,19.3965,23.042399999999997,23.44368,200.0
view,176,1711616525169316,1711616525269316,18.473233333333333,18.08,24.59345,28.132120000000004,300.0
view,177,1711616525269316,1711616525369316,20.09109090909091,20.247500000000002,25.510349999999995,26.64951,220.0
view,178,1711616525369316,1711616525469316,22.912807692307698,23.058,27.640500000000003,29.80275,260.0
view,179,1711616525469316,1711616525569316,18.616083333333336,17.357,27.7607,28.12679,240.0
view,180,1711616525569316,1711616525669316,15.248047619047622,15.202,18.122,19.3396,210.0
view,181,1711616525669316,1711616525769316,17.760464285714285,17.598,22.449949999999998,26.92847,280.0
view,182,1711616525769316,1711616525869316,16.4338,15.146,22.781699999999997,24.220339999999997,150.0
view,183,1711616525869316,1711616525969316,17.581285714285713,17.399,21.709,21.7226,210.0
view,184,1711616525969316,1711616526069316,18.822333333333333,19.038,26.2369,27.022139999999997,270.0
view,185,1711616526069316,1711616526169316,16.689333333333334,16.721,21.5296,22.321119999999997,180.0
view,186,1711616526169316,1711616526269316,16.472857142857144,16.067999999999998,22.208399999999997,23.6305,280.0
view,187,1711616526269316,1711616526369316,17.53573913043478,16.834,22.6155,23.742280000000004,230.0
view,188,1711616526369316,1711616526469316,19.198399999999996,18.615000000000002,26.1491,27.00182,200.0
view,189,1711616526469316,1711616526569316,18.973125,19.1175,23.586049999999997,24.09339,240.0
view,190,1711616526569316,1711616526669316,17.68596,17.604,23.429199999999998,24.326359999999998,250.0
view,191,1711616526669316,1711616526769316,16.791789473684208,15.665,22.699699999999996,24.46874,190.0
view,192,1711616526769316,1711616526869316,21.8574,21.355,29.153799999999997,32.74347999999999,250.0
view,193,1711616526869316,1711616526969316,18.781444444444446,18.087,24.9468,25.05562,270.0
view,194,1711616526969316,1711616527069316,19.3467619047619,19.298,24.213,24.710600000000003,210.0
view,195,1711616527069316,1711616527169316,18.36014705882353,17.378,24.47835,25.286620000000003,340.0
view,196,1711616527169316,1711616527269316,17.735714285714288,18.0445,20.75265,21.78173,140.0
view,197,1711616527269316,1711616527369316,16.481967741935485,16.792,19.491999999999997,19.5897,310.0
view,198,1711616527369316,1711616527469316,17.928310344827583,17.591,23.794399999999996,24.29824,290.0
view,199,1711616527469316,1711616527569316,15.420533333333337,14.655,19.8974,20.40588,150.0
view,200,1711616527569316,1711616527669316,14.940736842105261,14.58,17.8724,18.256880000000002,190.0
view,201,1711616527669316,1711616527769316,14.793666666666669,15.451,17.2898,17.449959999999997,150.0
view,202,1711616527769316,1711616527869316,14.9925,15.312,18.835999999999995,20.6312,120.0
view,203,1711616527869316,1711616527969316,15.68035,15.798499999999999,19.26395,20.752789999999997,200.0
view,204,1711616527969316,1711616528069316,17.00563157894737,15.954,21.636199999999995,22.72484,190.0
view,205,1711616528069316,1711616528169316,17.220750000000002,16.9965,24.000500000000002,24.2513,200.0
view,206,1711616528169316,1711616528269316,18.452769230769228,18.214,24.92225,28.22725,260.0
view,207,1711616528269316,1711616528369316,18.662652173913045,18.135,25.2365,28.057220000000004,230.0
view,208,1711616528369316,1711616528469316,16.840625,16.2445,21.276499999999995,24.3496,240.0
view,209,1711616528469316,1711616528569316,17.902652173913044,18.046,25.111199999999993,27.322920000000003,230.0
view,210,1711616528569316,1711616528669316,17.11504761904762,17.201,18.829,20.1858,210.0
view,211,1711616528669316,1711616528769316,16.94886363636363,17.0035,20.6298,22.03198,220.0
view,212,1711616528769316,1711616528869316,16.02644,15.841,20.237999999999996,20.97828,250.0
view,213,1711616528869316,1711616528969316,19.95872,19.383,25.61,28.233039999999992,250.0
view,214,1711616528969316,1711616529069316,17.314071428571427,16.9645,20.52505,21.09582,280.0
view,215,1711616529069316,1711616529169316,16.774172413793103,16.121,23.470999999999993,24.55604,290.0
view,216,1711616529169316,1711616529269316,20.190250000000002,20.1985,24.73915,27.224289999999996,240.0
view,217,1711616529269316,1711616529369316,22.591142857142856,22.452,31.859,32.9814,210.0
view,218,1711616529369316,1711616529469316,23.222961538461536,23.686999999999998,32.01925,34.317750000000004,260.0
view,219,1711616529469316,1711616529569316,19.704529411764703,18.908,24.4182,26.06044,170.0
view,220,1711616529569316,1711616529669316,19.1412,18.698,23.6801,23.83522,150.0
view,221,1711616529669316,1711616529769316,19.557181818181817,19.4155,25.200149999999997,25.60322,220.0
view,222,1711616529769316,1711616529869316,19.610909090909086,19.988,24.672,26.11564,220.0
view,223,1711616529869316,1711616529969316,15.686571428571423,14.51,22.322,23.638,210.0
view,224,1711616529969316,1711616530069316,15.116380952380956,14.864,17.116,19.095200000000002,210.0
view,225,1711616530069316,1711616530169316,19.870074074074072,21.18,26.7783,28.10074,270.0
view,226,1711616530169316,1711616530269316,17.891360000000002,17.803,21.3022,22.371599999999997,250.0
view,227,1711616530269316,1711616530369316,16.30461904761905,16.166,21.095,21.8838,210.0
view,228,1711616530369316,1711616530469316,18.936478260869567,18.52,25.461399999999998,30.04312000000001,230.0
view,229,1711616530469316,1711616530569316,14.05595454545455,13.1985,18.6358,19.45808,220.0
view,230,1711616530569316,1711616530669316,15.51440909090909,14.4185,20.427400000000002,20.70362,220.0
view,231,1711616530669316,1711616530769316,18.03246153846154,18.1705,21.058999999999997,21.264000000000003,260.0
view,232,1711616530769316,1711616530869316,16.095185185185187,16.435,19.008699999999997,20.961979999999997,270.0
view,233,1711616530869316,1711616530969316,15.103238095238098,14.568,18.6,18.7152,210.0
view,234,1711616530969316,1711616531069316,15.711130434782605,15.501,19.540399999999998,20.30994,230.0
view,235,1711616531069316,1711616531169316,16.036961538461536,15.67,20.60725,21.5415,260.0
view,236,1711616531169316,1711616531269316,17.493384615384613,17.545,22.060399999999994,24.268879999999996,130.0
view,237,1711616531269316,1711616531369316,15.238999999999999,15.777,17.655899999999995,18.511979999999998,190.0
view,238,1711616531369316,1711616531469316,19.98339130434783,18.752,29.547799999999995,30.33484,230.0
view,239,1711616531469316,1711616531569316,17.088520000000003,17.812,21.374199999999995,22.46264,250.0
view,240,1711616531569316,1711616531669316,16.552916666666665,16.353,19.435499999999998,25.779289999999996,240.0
view,241,1711616531669316,1711616531769316,16.1668125,15.6395,20.488,21.0496,160.0
view,242,1711616531769316,1711616531869316,14.045071428571427,13.6475,16.60845,16.74729,140.0
view,243,1711616531869316,1711616531969316,17.002136363636364,17.108,21.082900000000002,24.484359999999995,220.0
view,244,1711616531969316,1711616532069316,15.645272727272731,15.5095,18.204050000000002,20.54824,220.0
view,245,1711616532069316,1711616532169316,17.10686666666667,16.466,22.347749999999987,24.34489,300.0
view,246,1711616532169316,1711616532269316,14.862238095238094,14.365,18.774,18.9428,210.0
view,247,1711616532269316,1711616532369316,15.410166666666669,13.4895,21.68419999999999,26.28643999999999,180.0
view,248,1711616532369316,1711616532469316,19.378249999999998,19.5475,23.83135,25.21108,240.0
view,249,1711616532469316,1711616532569316,14.55828,14.755,17.049799999999998,17.78232,250.0
view,250,1711616532569316,1711616532669316,17.44940909090909,17.2555,21.60745,22.00948,220.0
add,0,1711616507569316,1711616507669316,0,0,0,0,0
add,1,1711616507669316,1711616507769316,0,0,0,0,0
add,2,1711616507769316,1711616507869316,0,0,0,0,0
add,3,1711616507869316,1711616507969316,0,0,0,0,0
add,4,1711616507969316,1711616508069316,0,0,0,0,0
add,5,1711616508069316,1711616508169316,0,0,0,0,0
add,6,1711616508169316,1711616508269316,0,0,0,0,0
add,7,1711616508269316,1711616508369316,0,0,0,0,0
add,8,1711616508369316,1711616508469316,0,0,0,0,0
add,9,1711616508469316,1711616508569316,0,0,0,0,0
add,10,1711616508569316,1711616508669316,0,0,0,0,0
add,11,1711616508669316,1711616508769316,0,0,0,0,0
add,12,1711616508769316,1711616508869316,0,0,0,0,0
add,13,1711616508869316,1711616508969316,0,0,0,0,0
add,14,1711616508969316,1711616509069316,0,0,0,0,0
add,15,1711616509069316,1711616509169316,3.033142857142857,3.067,4.023,4.0878,70.0
add,16,1711616509169316,1711616509269316,2.2925999999999997,2.176,2.6022,2.64684,50.0
add,17,1711616509269316,1711616509369316,12.144666666666666,3.561,30.7121,31.76322,150.0
add,18,1711616509369316,1711616509469316,6.239,5.949,8.705,8.7362,70.0
add,19,1711616509469316,1711616509569316,6.5620714285714286,6.5285,9.7141,9.977219999999999,140.0
add,20,1711616509569316,1711616509669316,7.864199999999999,9.428,11.094599999999998,11.62452,100.0
add,21,1711616509669316,1711616509769316,10.535400000000001,7.9725,23.17345,24.188290000000002,100.0
add,22,1711616509769316,1711616509869316,11.292411764705884,7.435,25.774799999999992,32.609359999999995,170.0
add,23,1711616509869316,1711616509969316,6.352799999999999,6.556,8.901,9.0762,50.0
add,24,1711616509969316,1711616510069316,11.569299999999998,10.510000000000002,24.382349999999995,25.72767,100.0
add,25,1711616510069316,1711616510169316,7.4382,7.058,10.847849999999998,11.61357,100.0
add,26,1711616510169316,1711616510269316,10.516666666666667,6.29,22.0285,22.0929,150.0
add,27,1711616510269316,1711616510369316,14.429538461538462,7.695,42.440999999999995,42.8418,130.0
add,28,1711616510369316,1711616510469316,10.617714285714285,7.792,19.1086,19.11292,70.0
add,29,1711616510469316,1711616510569316,8.33476923076923,7.503,13.228599999999993,15.282519999999995,130.0
add,30,1711616510569316,1711616510669316,4.9875,4.8915,7.99475,8.05495,80.0
add,31,1711616510669316,1711616510769316,10.044636363636364,7.92,23.639,24.4038,110.0
add,32,1711616510769316,1711616510869316,13.465642857142857,7.211,29.744699999999998,30.920939999999998,140.0
add,33,1711616510869316,1711616510969316,7.577727272727272,6.421,17.282,18.670800000000003,110.0
add,34,1711616510969316,1711616511069316,11.981600000000002,8.4575,26.526749999999993,28.57335,100.0
add,35,1711616511069316,1711616511169316,6.448888888888889,7.251,9.8234,10.49028,90.0
add,36,1711616511169316,1711616511269316,14.57190909090909,9.489,32.675,36.9606,110.0
add,37,1711616511269316,1711616511369316,6.920571428571429,5.269,15.7809,16.03778,140.0
add,38,1711616511369316,1711616511469316,16.156125,11.381499999999999,35.04825,40.405649999999994,160.0
add,39,1711616511469316,1711616511569316,9.126666666666667,9.8085,14.892649999999998,16.06173,120.0
add,40,1711616511569316,1711616511669316,15.145500000000004,9.788,41.36529999999998,51.79946000000002,120.0
add,41,1711616511669316,1711616511769316,13.347714285714286,5.62,30.470699999999997,32.10774,70.0
add,42,1711616511769316,1711616511869316,9.772,5.997,24.38515,24.81463,100.0
add,43,1711616511869316,1711616511969316,17.2627,16.174,36.8718,36.95676,100.0
add,44,1711616511969316,1711616512069316,18.721833333333336,16.7935,48.452999999999996,51.86659999999999,180.0
add,45,1711616512069316,1711616512169316,18.682125,14.4925,41.23325,42.30185,160.0
add,46,1711616512169316,1711616512269316,11.289,7.783,26.220999999999986,31.57779999999999,130.0
add,47,1711616512269316,1711616512369316,8.127,5.291,20.0475,20.3183,110.0
add,48,1711616512369316,1711616512469316,13.203333333333333,11.3665,29.13499999999999,35.61180000000001,120.0
add,49,1711616512469316,1711616512569316,6.2289,6.627000000000001,10.941099999999995,12.410620000000002,100.0
add,50,1711616512569316,1711616512669316,19.834727272727275,18.43,42.355000000000004,44.6342,110.0
add,51,1711616512669316,1711616512769316,10.928272727272725,5.594,28.493,38.687400000000004,110.0
add,52,1711616512769316,1711616512869316,12.3832,8.6745,26.59954999999999,30.06311,100.0
add,53,1711616512869316,1711616512969316,10.694272727272727,6.534,31.4245,35.9713,110.0
add,54,1711616512969316,1711616513069316,20.88054545454545,9.646,45.735,46.215,110.0
add,55,1711616513069316,1711616513169316,17.9258125,15.658,36.533500000000004,44.7427,160.0
add,56,1711616513169316,1711616513269316,19.896875,20.6695,36.611349999999995,39.18707,80.0
add,57,1711616513269316,1711616513369316,22.520875,24.322000000000003,35.860099999999996,36.855219999999996,80.0
add,58,1711616513369316,1711616513469316,9.588000000000001,5.644,24.198999999999998,31.100600000000007,110.0
add,59,1711616513469316,1711616513569316,13.780666666666667,8.698,35.0954,35.89508,150.0
add,60,1711616513569316,1711616513669316,12.955076923076923,8.041,26.028399999999994,28.035279999999997,130.0
add,61,1711616513669316,1711616513769316,12.02075,5.2425,34.870749999999994,36.442949999999996,80.0
add,62,1711616513769316,1711616513869316,9.758666666666665,5.834,25.502799999999997,27.21176,120.0
add,63,1711616513869316,1711616513969316,7.183999999999999,5.6935,15.469749999999994,19.192349999999998,80.0
add,64,1711616513969316,1711616514069316,23.81563636363636,24.901,48.893,52.3714,110.0
add,65,1711616514069316,1711616514169316,13.141571428571428,6.494,28.8796,29.16952,70.0
add,66,1711616514169316,1711616514269316,16.325090909090907,11.975,38.658,42.93,110.0
add,67,1711616514269316,1711616514369316,6.5209375,5.346,16.5015,17.5491,160.0
add,68,1711616514369316,1711616514469316,11.011666666666668,5.8895,26.636,30.1472,60.0
add,69,1711616514469316,1711616514569316,8.5336,5.664,19.36995,19.79079,100.0
add,70,1711616514569316,1711616514669316,26.29642857142857,25.967,43.879599999999996,44.311119999999995,70.0
add,71,1711616514669316,1711616514769316,10.366833333333332,6.23,28.68395,29.15519,120.0
add,72,1711616514769316,1711616514869316,11.468250000000001,8.1295,30.3095,35.7515,160.0
add,73,1711616514869316,1711616514969316,13.308499999999999,7.2545,26.528299999999994,27.772059999999996,80.0
add,74,1711616514969316,1711616515069316,17.494384615384618,15.322,40.47619999999999,41.90324,130.0
add,75,1711616515069316,1711616515169316,7.490636363636364,6.289,16.4235,19.532700000000002,110.0
add,76,1711616515169316,1711616515269316,14.386631578947368,6.889,52.186899999999994,53.54698,190.0
add,77,1711616515269316,1711616515369316,3.800300000000001,2.1959999999999997,10.473249999999993,12.991450000000002,100.0
add,78,1711616515369316,1711616515469316,17.002066666666664,6.289,49.058799999999984,56.95255999999999,150.0
add,79,1711616515469316,1711616515569316,10.31088888888889,6.461,20.8454,20.883480000000002,90.0
add,80,1711616515569316,1711616515669316,8.563181818181818,5.32,22.4665,28.147700000000007,110.0
add,81,1711616515669316,1711616515769316,9.883714285714287,6.824,21.638799999999996,23.158959999999997,70.0
add,82,1711616515769316,1711616515869316,14.517428571428571,7.343500000000001,30.72735,31.76787,140.0
add,83,1711616515869316,1711616515969316,19.106352941176475,10.429,39.711,40.4374,170.0
add,84,1711616515969316,1711616516069316,18.026666666666667,7.484500000000001,43.04315,46.44303000000001,120.0
add,85,1711616516069316,1711616516169316,8.9729,5.7545,21.61799999999999,24.606,100.0
add,86,1711616516169316,1711616516269316,12.743214285714284,5.6295,34.57935,36.20227,140.0
add,87,1711616516269316,1711616516369316,16.729142857142858,8.133,36.25999999999999,39.142399999999995,70.0
add,88,1711616516369316,1711616516469316,13.072999999999999,5.585,27.2086,27.22492,70.0
add,89,1711616516469316,1711616516569316,13.845833333333337,8.045,31.2754,31.307080000000003,120.0
add,90,1711616516569316,1711616516669316,23.05666666666667,25.025,46.7442,46.98484,90.0
add,91,1711616516669316,1711616516769316,13.4746,7.588,34.346799999999995,38.85095999999999,50.0
add,92,1711616516769316,1711616516869316,15.625,12.185,35.671,41.611000000000004,110.0
add,93,1711616516869316,1711616516969316,9.447833333333332,4.6565,24.21625,24.24005,180.0
add,94,1711616516969316,1711616517069316,12.25875,10.714500000000001,25.119149999999998,26.97583,80.0
add,95,1711616517069316,1711616517169316,7.12475,5.332,19.370299999999993,23.867659999999997,80.0
add,96,1711616517169316,1711616517269316,10.514499999999998,5.5905000000000005,33.92179999999999,37.62116,100.0
add,97,1711616517269316,1711616517369316,22.331500000000002,14.0815,48.684349999999995,52.15287000000001,120.0
add,98,1711616517369316,1711616517469316,16.8171,6.6405,40.7092,40.76104,100.0
add,99,1711616517469316,1711616517569316,22.68,25.545,42.35119999999999,45.217439999999996,50.0
add,100,1711616517569316,1711616517669316,12.004100000000001,6.2965,35.93354999999998,40.74351,100.0
add,101,1711616517669316,1711616517769316,22.275500000000005,19.183,52.51645,54.97209,120.0
add,102,1711616517769316,1711616517869316,16.48188888888889,15.947,34.333999999999996,39.4364,90.0
add,103,1711616517869316,1711616517969316,13.19641176470588,6.466,30.726399999999995,33.873279999999994,170.0
add,104,1711616517969316,1711616518069316,13.744882352941175,5.752,41.69979999999999,47.89756,170.0
add,105,1711616518069316,1711616518169316,12.870545454545457,6.909,29.6205,35.094500000000004,110.0
add,106,1711616518169316,1711616518269316,24.1935,29.5455,46.9744,47.27808,140.0
add,107,1711616518269316,1711616518369316,17.271636363636365,6.094,46.5295,47.234700000000004,110.0
add,108,1711616518369316,1711616518469316,16.363454545454545,12.154,35.563,37.763000000000005,110.0
add,109,1711616518469316,1711616518569316,16.65125,6.7415,46.07464999999999,53.97573000000001,120.0
add,110,1711616518569316,1711616518669316,15.190299999999999,13.667,33.44654999999998,39.710910000000005,100.0
add,111,1711616518669316,1711616518769316,22.77508333333333,19.649,44.901349999999994,48.32587000000001,120.0
add,112,1711616518769316,1711616518869316,15.590769230769231,12.348,31.704399999999975,39.840879999999984,130.0
add,113,1711616518869316,1711616518969316,19.30911111111111,22.414,35.6704,38.34368,90.0
add,114,1711616518969316,1711616519069316,6.501909090909092,5.044,12.617999999999999,14.665200000000002,110.0
add,115,1711616519069316,1711616519169316,4.85975,5.5075,5.7642,5.775239999999999,40.0
add,116,1711616519169316,1711616519269316,14.000666666666667,9.543,31.723099999999988,38.78862000000001,120.0
add,117,1711616519269316,1711616519369316,22.55233333333333,24.04,42.3426,43.78852,150.0
add,118,1711616519369316,1711616519469316,9.344923076923077,8.752,15.128999999999985,19.64819999999999,130.0
add,119,1711616519469316,1711616519569316,13.467500000000001,10.656500000000001,25.399449999999998,26.025489999999998,100.0
add,120,1711616519569316,1711616519669316,13.101307692307692,6.23,29.579999999999995,31.334399999999995,130.0
add,121,1711616519669316,1711616519769316,19.003833333333333,9.5315,41.43925,41.46705,60.0
add,122,1711616519769316,1711616519869316,13.347692307692311,6.62,35.484,35.8608,130.0
add,123,1711616519869316,1711616519969316,4.385833333333333,2.249,9.568249999999999,10.16325,60.0
add,124,1711616519969316,1711616520069316,14.418000000000001,5.196,36.98284999999999,41.45416999999999,40.0
add,125,1711616520069316,1711616520169316,22.1059,24.5415,45.05439999999997,53.40208,100.0
add,126,1711616520169316,1711616520269316,11.78690909090909,5.693,25.415,25.6694,110.0
add,127,1711616520269316,1711616520369316,20.44928571428571,25.61,36.940799999999996,37.503359999999994,70.0
add,128,1711616520369316,1711616520469316,15.724714285714287,8.8685,32.41675,34.47855,140.0
add,129,1711616520469316,1711616520569316,14.701692307692307,8.767,31.1594,31.26548,130.0
add,130,1711616520569316,1711616520669316,28.599923076923076,29.952,50.0536,50.40112,130.0
add,131,1711616520669316,1711616520769316,13.83990909090909,7.278,32.2105,32.5245,110.0
add,132,1711616520769316,1711616520869316,12.266124999999999,7.5695,30.1178,31.56596,80.0
add,133,1711616520869316,1711616520969316,11.2714,5.547000000000001,33.506699999999995,34.57734,100.0
add,134,1711616520969316,1711616521069316,19.654692307692308,18.482,35.79539999999999,39.52067999999999,130.0
add,135,1711616521069316,1711616521169316,14.720500000000001,5.0965,35.60779999999999,37.831160000000004,100.0
add,136,1711616521169316,1711616521269316,26.631999999999998,28.119,49.611200000000004,50.10464,90.0
add,137,1711616521269316,1711616521369316,9.039642857142857,5.72,22.680699999999998,25.510539999999995,140.0
add,138,1711616521369316,1711616521469316,13.308833333333332,10.216999999999999,28.32855,28.89131,120.0
add,139,1711616521469316,1711616521569316,22.701818181818183,32.301,41.4885,41.6913,110.0
add,140,1711616521569316,1711616521669316,15.623,6.062,35.2204,36.37368,90.0
add,141,1711616521669316,1711616521769316,12.570545454545455,7.879,33.841,38.2642,110.0
add,142,1711616521769316,1711616521869316,10.682363636363636,8.26,21.923000000000002,28.808600000000006,110.0
add,143,1711616521869316,1711616521969316,15.311133333333332,7.488,37.2069,39.52138,150.0
add,144,1711616521969316,1711616522069316,13.046100000000001,5.9185,43.306699999999985,49.91414,100.0
add,145,1711616522069316,1711616522169316,23.13957142857143,19.554,48.32109999999999,52.11381999999999,70.0
add,146,1711616522169316,1711616522269316,14.0315,9.467500000000001,33.90475,37.744949999999996,140.0
add,147,1711616522269316,1711616522369316,24.394599999999997,25.819000000000003,40.12629999999999,42.23806,100.0
add,148,1711616522369316,1711616522469316,20.020833333333332,18.308,38.197,40.5138,60.0
add,149,1711616522469316,1711616522569316,23.486153846153847,19.576,42.43779999999998,48.41715999999999,130.0
add,150,1711616522569316,1711616522669316,7.2521818181818185,6.189,11.562,11.854,110.0
add,151,1711616522669316,1711616522769316,4.905555555555555,5.445,6.4441999999999995,6.564839999999999,90.0
add,152,1711616522769316,1711616522869316,8.364727272727272,6.856,16.3385,16.813299999999998,110.0
add,153,1711616522869316,1711616522969316,7.32023076923077,6.581,11.321599999999998,11.67872,130.0
add,154,1711616522969316,1711616523069316,7.53864705882353,7.213,10.442799999999998,10.87096,170.0
add,155,1711616523069316,1711616523169316,4.018,3.604,7.2475000000000005,8.127900000000002,110.0
add,156,1711616523169316,1711616523269316,2.461076923076923,2.385,3.1394,3.21668,130.0
add,157,1711616523269316,1711616523369316,3.246125,2.8685,5.42765,5.69673,80.0
add,158,1711616523369316,1711616523469316,2.9392941176470586,2.924,4.267199999999999,4.59744,170.0
add,159,1711616523469316,1711616523569316,3.6666,3.2025,5.5253499999999995,5.75467,100.0
add,160,1711616523569316,1711616523669316,5.153307692307692,4.547,8.924599999999998,9.634519999999998,130.0
add,161,1711616523669316,1711616523769316,3.5047500000000005,2.316,7.4167999999999985,8.584959999999999,80.0
add,162,1711616523769316,1711616523869316,4.432076923076922,2.602,10.504399999999995,11.863279999999996,130.0
add,163,1711616523869316,1711616523969316,2.715,2.6470000000000002,3.5900499999999997,3.77961,80.0
add,164,1711616523969316,1711616524069316,3.785375,3.5945,5.607749999999999,5.83035,160.0
add,165,1711616524069316,1711616524169316,13.238636363636363,3.721,29.1305,30.052500000000002,110.0
add,166,1711616524169316,1711616524269316,32.64216666666666,32.185,40.10375,40.921549999999996,60.0
add,167,1711616524269316,1711616524369316,25.231499999999997,22.673499999999997,41.16844999999999,45.357690000000005,120.0
add,168,1711616524369316,1711616524469316,44.59815789473685,39.147,86.80449999999999,89.7169,190.0
add,169,1711616524469316,1711616524569316,43.513222222222225,45.374,61.1376,62.35712,90.0
add,170,1711616524569316,1711616524669316,6.707647058823529,5.636,12.738,14.302800000000001,170.0
add,171,1711616524669316,1711616524769316,5.426733333333333,5.828,7.202,7.2916,150.0
add,172,1711616524769316,1711616524869316,6.279083333333333,6.167,8.3768,8.49296,120.0
add,173,1711616524869316,1711616524969316,7.249785714285715,7.2805,10.171949999999999,10.55519,140.0
add,174,1711616524969316,1711616525069316,5.120272727272727,4.381,8.538499999999999,8.6997,110.0
add,175,1711616525069316,1711616525169316,3.6469230769230765,3.571,5.621199999999998,6.376239999999998,130.0
add,176,1711616525169316,1711616525269316,3.051,2.276,5.314199999999997,6.215639999999998,130.0
add,177,1711616525269316,1711616525369316,5.424857142857142,4.949,9.234049999999996,13.218809999999994,140.0
add,178,1711616525369316,1711616525469316,5.981142857142856,6.157,10.6444,11.561679999999999,140.0
add,179,1711616525469316,1711616525569316,3.6525,2.4610000000000003,8.304199999999998,9.06164,100.0
add,180,1711616525569316,1711616525669316,2.98375,2.814,4.359949999999999,5.0951900000000006,120.0
add,181,1711616525669316,1711616525769316,3.0323333333333333,2.868,3.3810000000000002,3.4266,30.0
add,182,1711616525769316,1711616525869316,3.2363999999999997,2.828,5.462149999999998,6.23723,100.0
add,183,1711616525869316,1711616525969316,3.243111111111111,2.784,5.406199999999999,5.87404,90.0
add,184,1711616525969316,1711616526069316,3.7098125,3.1375,6.480499999999999,7.3241,160.0
add,185,1711616526069316,1711616526169316,3.3871818181818187,3.174,5.0575,5.598700000000001,110.0
add,186,1711616526169316,1711616526269316,3.044888888888889,2.562,5.432799999999999,6.120159999999999,90.0
add,187,1711616526269316,1711616526369316,4.174499999999999,3.4715,6.36375,6.393549999999999,60.0
add,188,1711616526369316,1711616526469316,3.981166666666667,3.5385,7.153199999999999,8.181040000000001,120.0
add,189,1711616526469316,1711616526569316,3.0576666666666665,2.8735,4.09675,4.0969500000000005,60.0
add,190,1711616526569316,1711616526669316,3.337090909090909,2.986,6.5329999999999995,7.1386,110.0
add,191,1711616526669316,1711616526769316,2.856888888888889,2.5605,4.3804,4.445679999999999,180.0
add,192,1711616526769316,1711616526869316,4.823583333333334,4.4285,8.485199999999999,8.809040000000001,120.0
add,193,1711616526869316,1711616526969316,4.025454545454545,3.715,6.705500000000001,7.616300000000001,110.0
add,194,1711616526969316,1711616527069316,4.092499999999999,3.9320000000000004,6.1723,6.31286,80.0
add,195,1711616527069316,1711616527169316,3.238166666666667,2.8805,5.771799999999999,6.495160000000001,120.0
add,196,1711616527169316,1711616527269316,2.6388,2.6345,3.2657,3.4291400000000003,100.0
add,197,1711616527269316,1711616527369316,2.9258666666666664,2.722,4.889599999999999,5.67472,150.0
add,198,1711616527369316,1711616527469316,2.719666666666667,2.699,3.432,3.4976,60.0
add,199,1711616527469316,1711616527569316,3.4335,3.0065,5.070149999999999,5.24923,120.0
add,200,1711616527569316,1711616527669316,3.155583333333333,3.2735,4.800949999999999,5.26339,120.0
add,201,1711616527669316,1711616527769316,2.609454545454545,2.274,3.669,4.182600000000001,110.0
add,202,1711616527769316,1711616527869316,3.274545454545454,3.158,4.8555,5.254300000000001,110.0
add,203,1711616527869316,1711616527969316,3.561117647058824,3.088,6.026800000000001,6.125360000000001,170.0
add,204,1711616527969316,1711616528069316,3.8938333333333333,3.9924999999999997,5.9502,6.00124,120.0
add,205,1711616528069316,1711616528169316,3.6113999999999997,3.215,5.236199999999999,5.388839999999999,50.0
add,206,1711616528169316,1711616528269316,3.432888888888889,3.189,4.8622,5.02124,90.0
add,207,1711616528269316,1711616528369316,2.9658333333333338,2.841,4.193949999999999,4.82359,120.0
add,208,1711616528369316,1711616528469316,3.8859166666666667,4.0305,5.535049999999999,5.82941,120.0
add,209,1711616528469316,1711616528569316,3.208999999999999,2.869,4.550799999999999,4.84216,130.0
add,210,1711616528569316,1711616528669316,4.1733076923076915,3.316,6.961799999999998,7.6803599999999985,130.0
add,211,1711616528669316,1711616528769316,2.474833333333333,2.2935,3.3817500000000003,3.6331500000000005,60.0
add,212,1711616528769316,1711616528869316,2.792625,2.5125,3.83315,3.98743,80.0
add,213,1711616528869316,1711616528969316,2.782111111111111,2.707,3.6051999999999995,3.8762399999999997,90.0
add,214,1711616528969316,1711616529069316,3.2485555555555554,2.749,5.9286,5.98572,180.0
add,215,1711616529069316,1711616529169316,3.180444444444445,2.857,5.576599999999999,6.39612,90.0
add,216,1711616529169316,1711616529269316,4.3268571428571425,4.644,5.685499999999999,5.8043,70.0
add,217,1711616529269316,1711616529369316,6.2065,6.403499999999999,8.79015,9.00603,80.0
add,218,1711616529369316,1711616529469316,4.895666666666667,4.844,7.7544,8.20368,90.0
add,219,1711616529469316,1711616529569316,3.7116,3.618,4.811,4.8862000000000005,50.0
add,220,1711616529569316,1711616529669316,3.214916666666667,2.956,5.259399999999999,5.695880000000001,120.0
add,221,1711616529669316,1711616529769316,4.3016,3.49,7.401349999999999,7.72427,100.0
add,222,1711616529769316,1711616529869316,2.800666666666667,2.657,3.999599999999999,4.459919999999999,150.0
add,223,1711616529869316,1711616529969316,4.7019,3.566,9.423299999999998,10.28946,100.0
add,224,1711616529969316,1711616530069316,2.853666666666667,2.286,4.2066,4.22452,90.0
add,225,1711616530069316,1711616530169316,5.619,5.047,10.241,10.4426,110.0
add,226,1711616530169316,1711616530269316,3.527111111111111,3.785,5.109999999999999,5.5451999999999995,90.0
add,227,1711616530269316,1711616530369316,2.90025,2.6654999999999998,4.023,4.0934,120.0
add,228,1711616530369316,1711616530469316,3.1542142857142856,2.662,5.598249999999998,7.290849999999998,140.0
add,229,1711616530469316,1711616530569316,2.3058235294117644,2.231,2.8537999999999992,3.58276,170.0
add,230,1711616530569316,1711616530669316,2.7011176470588234,2.662,3.706,3.7988,170.0
add,231,1711616530669316,1711616530769316,2.9579230769230773,2.368,4.895,5.163799999999999,130.0
add,232,1711616530769316,1711616530869316,2.8749999999999996,2.409,4.068,4.1816,110.0
add,233,1711616530869316,1711616530969316,2.9811249999999996,2.372,4.45285,4.66257,80.0
add,234,1711616530969316,1711616531069316,3.1455384615384623,2.574,5.8553999999999995,6.136679999999999,130.0
add,235,1711616531069316,1711616531169316,3.0562,2.923,4.70865,4.82493,100.0
add,236,1711616531169316,1711616531269316,3.715,3.7995,5.598199999999999,5.7572399999999995,80.0
add,237,1711616531269316,1711616531369316,3.0161538461538466,2.597,4.655799999999999,4.87996,130.0
add,238,1711616531369316,1711616531469316,6.421600000000001,4.375500000000001,13.491799999999994,15.39836,100.0
add,239,1711616531469316,1711616531569316,2.6803846153846154,2.234,3.882599999999999,4.054919999999999,130.0
add,240,1711616531569316,1711616531669316,2.880222222222222,2.951,4.0374,4.200279999999999,90.0
add,241,1711616531669316,1711616531769316,3.0471,3.173,3.7119,3.76158,100.0
add,242,1711616531769316,1711616531869316,2.5605,2.3040000000000003,3.31935,3.4174700000000002,120.0
add,243,1711616531869316,1711616531969316,3.118785714285714,2.92,5.2088,5.587359999999999,140.0
add,244,1711616531969316,1711616532069316,3.037857142857143,2.826,4.184,4.191199999999999,70.0
add,245,1711616532069316,1711616532169316,3.2369,2.8739999999999997,5.163199999999999,5.5822400000000005,100.0
add,246,1711616532169316,1711616532269316,2.62325,2.4465000000000003,3.6418,3.7739599999999998,80.0
add,247,1711616532269316,1711616532369316,2.58275,2.2889999999999997,3.4305999999999996,3.5765199999999995,40.0
add,248,1711616532369316,1711616532469316,3.7009230769230763,2.792,6.616999999999996,7.879399999999998,130.0
add,249,1711616532469316,1711616532569316,3.2585500000000005,2.9074999999999998,4.991350000000003,8.158269999999995,200.0
add,250,1711616532569316,1711616532669316,3.2205000000000004,2.7955,4.7469,4.84938,80.0
