checkout,0,1711613849052891,1711613849152891,0,0,0,0,0
checkout,1,1711613849152891,1711613849252891,0,0,0,0,0
checkout,2,1711613849252891,1711613849352891,0,0,0,0,0
checkout,3,1711613849352891,1711613849452891,0,0,0,0,0
checkout,4,1711613849452891,1711613849552891,0,0,0,0,0
checkout,5,1711613849552891,1711613849652891,0,0,0,0,0
checkout,6,1711613849652891,1711613849752891,0,0,0,0,0
checkout,7,1711613849752891,1711613849852891,0,0,0,0,0
checkout,8,1711613849852891,1711613849952891,0,0,0,0,0
checkout,9,1711613849952891,1711613850052891,0,0,0,0,0
checkout,10,1711613850052891,1711613850152891,0,0,0,0,0
checkout,11,1711613850152891,1711613850252891,0,0,0,0,0
checkout,12,1711613850252891,1711613850352891,0,0,0,0,0
checkout,13,1711613850352891,1711613850452891,0,0,0,0,0
checkout,14,1711613850452891,1711613850552891,0,0,0,0,0
checkout,15,1711613850552891,1711613850652891,26.895285714285713,25.241,38.26109999999999,41.42981999999999,70.0
checkout,16,1711613850652891,1711613850752891,23.57288888888889,22.9135,31.67854999999999,35.82450999999999,180.0
checkout,17,1711613850752891,1711613850852891,26.386888888888887,25.298,39.2494,47.59981999999999,270.0
checkout,18,1711613850852891,1711613850952891,51.03942857142857,49.285,72.267,76.7478,210.0
checkout,19,1711613850952891,1711613851052891,66.17186363636364,64.7285,99.88349999999998,103.93034,220.0
checkout,20,1711613851052891,1711613851152891,69.67395454545455,74.83250000000001,94.9045,97.2708,220.0
checkout,21,1711613851152891,1711613851252891,73.2775,81.5865,98.221,98.4058,160.0
checkout,22,1711613851252891,1711613851352891,108.12095652173913,107.899,143.7236,156.70948,230.0
checkout,23,1711613851352891,1711613851452891,114.46323333333333,109.375,176.03864999999988,205.49705000000003,300.0
checkout,24,1711613851452891,1711613851552891,111.64867741935484,107.188,163.5895,177.7523,310.0
checkout,25,1711613851552891,1711613851652891,130.247875,135.357,186.01175,192.76475,160.0
checkout,26,1711613851652891,1711613851752891,119.3455,114.456,166.3729,176.76737999999997,180.0
checkout,27,1711613851752891,1711613851852891,111.24218181818182,106.798,160.2728,164.58808,330.0
checkout,28,1711613851852891,1711613851952891,117.09447368421053,107.138,162.50629999999998,162.55886,190.0
checkout,29,1711613851952891,1711613852052891,112.98377272727275,103.015,229.39309999999998,235.96576,220.0
checkout,30,1711613852052891,1711613852152891,150.36829166666666,142.9715,214.50045,246.53464,240.0
checkout,31,1711613852152891,1711613852252891,132.98380000000003,130.9855,209.91620000000003,219.55604,200.0
checkout,32,1711613852252891,1711613852352891,143.74421428571426,143.11599999999999,190.93195,192.00159,140.0
checkout,33,1711613852352891,1711613852452891,165.22226666666666,170.554,217.94859999999994,254.39451999999994,150.0
checkout,34,1711613852452891,1711613852552891,167.28225,171.916,208.33429999999998,250.74028000000004,280.0
checkout,35,1711613852552891,1711613852652891,199.57935714285716,193.348,276.7908,295.68136,140.0
checkout,36,1711613852652891,1711613852752891,186.2630588235294,164.562,319.5096,324.84272,170.0
checkout,37,1711613852752891,1711613852852891,224.25484210526315,219.635,351.43549999999993,360.0863,190.0
checkout,38,1711613852852891,1711613852952891,170.97825,179.095,225.55875000000006,297.8613499999999,200.0
checkout,39,1711613852952891,1711613853052891,215.47290909090907,204.41449999999998,330.47675000000004,348.86224,220.0
checkout,40,1711613853052891,1711613853152891,226.07325,239.39600000000002,346.7715,356.67429999999996,200.0
checkout,41,1711613853152891,1711613853252891,238.14757142857144,242.378,358.318,359.33000000000004,210.0
checkout,42,1711613853252891,1711613853352891,230.22723076923074,233.351,374.618,394.7495,260.0
checkout,43,1711613853352891,1711613853452891,234.80469230769228,230.777,414.41150000000005,476.948,260.0
checkout,44,1711613853452891,1711613853552891,246.663619047619,276.962,324.024,401.10800000000006,210.0
checkout,45,1711613853552891,1711613853652891,243.30029411764704,282.123,343.94599999999997,354.09,170.0
checkout,46,1711613853652891,1711613853752891,250.42810526315793,225.465,398.33199999999994,421.17040000000003,190.0
checkout,47,1711613853752891,1711613853852891,260.28184,253.068,403.0906,497.6044799999998,250.0
checkout,48,1711613853852891,1711613853952891,268.67246153846156,285.98350000000005,405.55475,474.5345,260.0
checkout,49,1711613853952891,1711613854052891,239.83890000000002,225.33999999999997,402.55010000000004,421.11081999999993,200.0
checkout,50,1711613854052891,1711613854152891,256.49529999999993,229.5965,408.9514500000001,518.9910899999998,200.0
checkout,51,1711613854152891,1711613854252891,289.4487083333333,300.0115,411.8258499999999,460.61915999999997,240.0
checkout,52,1711613854252891,1711613854352891,274.247652173913,269.588,388.46619999999996,489.78360000000015,230.0
checkout,53,1711613854352891,1711613854452891,310.3562173913043,289.04,563.7203,601.7117400000001,230.0
checkout,54,1711613854452891,1711613854552891,283.3588461538462,302.715,421.31159999999994,437.77271999999994,130.0
checkout,55,1711613854552891,1711613854652891,406.5534285714286,371.728,631.7239,644.46078,140.0
checkout,56,1711613854652891,1711613854752891,290.8390625,249.911,527.285,686.5297999999999,160.0
checkout,57,1711613854752891,1711613854852891,322.99542307692315,304.20050000000003,499.31125000000003,512.617,260.0
checkout,58,1711613854852891,1711613854952891,357.65687499999996,338.704,578.3826999999999,721.64042,240.0
checkout,59,1711613854952891,1711613855052891,314.94015789473684,326.439,407.9867,411.38294,190.0
checkout,60,1711613855052891,1711613855152891,323.59475,315.56600000000003,521.7005,560.7089,160.0
checkout,61,1711613855152891,1711613855252891,406.12540624999997,415.897,802.2246499999999,904.32851,320.0
checkout,62,1711613855252891,1711613855352891,359.723380952381,355.778,529.351,567.4126,210.0
checkout,63,1711613855352891,1711613855452891,351.5128076923077,375.6005,553.373,683.3552500000001,260.0
checkout,64,1711613855452891,1711613855552891,314.8758260869565,315.651,500.2168,635.8643800000002,230.0
checkout,65,1711613855552891,1711613855652891,307.4976315789474,286.094,560.877,589.9001999999999,190.0
checkout,66,1711613855652891,1711613855752891,338.96819230769233,297.4945,611.74575,691.5029999999999,260.0
checkout,67,1711613855752891,1711613855852891,365.46,339.854,595.9037,630.26488,270.0
checkout,68,1711613855852891,1711613855952891,374.7999565217392,364.124,529.5719,739.0001000000003,230.0
checkout,69,1711613855952891,1711613856052891,397.21696296296295,407.614,595.4471,608.4145,270.0
checkout,70,1711613856052891,1711613856152891,386.116875,356.2985,663.6293999999998,946.4429299999999,240.0
checkout,71,1711613856152891,1711613856252891,339.8436190476191,325.064,574.428,578.7144,210.0
checkout,72,1711613856252891,1711613856352891,359.6185769230769,333.446,693.6555000000001,728.6455,260.0
checkout,73,1711613856352891,1711613856452891,364.7163888888889,422.88149999999996,550.4689,568.52018,180.0
checkout,74,1711613856452891,1711613856552891,387.9822222222222,376.938,579.6995,606.0069599999999,270.0
checkout,75,1711613856552891,1711613856652891,329.15075,346.5165,585.9863499999998,657.5990899999999,240.0
checkout,76,1711613856652891,1711613856752891,300.45373333333333,309.875,457.75659999999993,485.06332,150.0
checkout,77,1711613856752891,1711613856852891,346.7536785714286,340.25300000000004,608.4882999999999,656.58923,280.0
checkout,78,1711613856852891,1711613856952891,375.1668888888889,353.97799999999995,657.8238499999998,723.0759699999999,180.0
checkout,79,1711613856952891,1711613857052891,364.51565,328.81449999999995,560.93125,568.20065,200.0
checkout,80,1711613857052891,1711613857152891,335.0456190476191,335.861,522.487,597.0190000000001,210.0
checkout,81,1711613857152891,1711613857252891,353.1982962962963,302.232,598.2641,648.8711,270.0
checkout,82,1711613857252891,1711613857352891,377.0292857142857,353.8345,656.9355499999998,818.2657600000001,280.0
checkout,83,1711613857352891,1711613857452891,349.705,349.75,503.0024,597.9095800000001,230.0
checkout,84,1711613857452891,1711613857552891,327.1994,275.188,685.5173999999997,712.48616,250.0
checkout,85,1711613857552891,1711613857652891,338.62059090909094,322.6445,516.12325,579.4861799999999,220.0
checkout,86,1711613857652891,1711613857752891,356.56172,332.884,576.0038,621.8190799999999,250.0
checkout,87,1711613857752891,1711613857852891,359.3562173913043,385.732,585.8535999999999,679.9237000000002,230.0
checkout,88,1711613857852891,1711613857952891,386.3398181818182,386.00350000000003,545.7423,824.1729699999996,220.0
checkout,89,1711613857952891,1711613858052891,279.84084210526316,255.799,434.40759999999983,482.42152000000004,190.0
checkout,90,1711613858052891,1711613858152891,338.41669230769236,286.154,654.9011999999998,734.7698399999998,130.0
checkout,91,1711613858152891,1711613858252891,309.0591363636364,257.097,622.21705,666.80545,220.0
checkout,92,1711613858252891,1711613858352891,342.0266296296296,365.244,559.6728999999999,628.5375999999999,270.0
checkout,93,1711613858352891,1711613858452891,341.31227272727267,330.346,613.7119499999999,626.31386,220.0
checkout,94,1711613858452891,1711613858552891,374.0565,349.98199999999997,587.2330000000001,602.8281999999999,200.0
checkout,95,1711613858552891,1711613858652891,352.2319444444445,365.952,516.62285,524.8909699999999,180.0
checkout,96,1711613858652891,1711613858752891,316.81142307692306,312.2845,500.198,525.6189999999999,260.0
checkout,97,1711613858752891,1711613858852891,407.46012499999995,374.538,605.9382499999999,689.2548499999999,160.0
checkout,98,1711613858852891,1711613858952891,298.73059090909095,286.2655,515.6118,649.3892599999999,220.0
checkout,99,1711613858952891,1711613859052891,315.01815384615384,307.09299999999996,514.4635000000001,611.482,260.0
checkout,100,1711613859052891,1711613859152891,340.80052173913043,315.221,511.4657,562.2213000000002,230.0
checkout,101,1711613859152891,1711613859252891,322.9361666666667,355.2395,463.9910999999999,507.5750199999999,180.0
checkout,102,1711613859252891,1711613859352891,348.9141764705883,374.7,479.5766,504.29532,170.0
checkout,103,1711613859352891,1711613859452891,304.23278260869563,308.418,551.4968999999999,628.1010800000001,230.0
checkout,104,1711613859452891,1711613859552891,371.0478,388.0695,531.1258,542.84196,200.0
checkout,105,1711613859552891,1711613859652891,294.7962105263158,277.254,488.0267,488.06773999999996,190.0
checkout,106,1711613859652891,1711613859752891,342.78465,301.5185,669.7634499999999,670.37829,200.0
checkout,107,1711613859752891,1711613859852891,273.3841111111111,248.212,476.3247,498.89166,270.0
checkout,108,1711613859852891,1711613859952891,269.6227727272728,268.855,481.703,487.86595,220.0
checkout,109,1711613859952891,1711613860052891,294.69413043478255,300.713,485.6948999999999,510.5702800000001,230.0
checkout,110,1711613860052891,1711613860152891,290.9672105263158,294.488,456.03809999999993,474.81642000000005,190.0
checkout,111,1711613860152891,1711613860252891,317.6580869565218,299.183,510.4733999999999,602.3863400000001,230.0
checkout,112,1711613860252891,1711613860352891,285.7275789473684,264.38,472.6736999999998,526.63554,190.0
checkout,113,1711613860352891,1711613860452891,331.97865,294.90049999999997,533.2575500000002,641.7027099999998,200.0
checkout,114,1711613860452891,1711613860552891,394.0048461538461,451.36,498.24319999999994,510.99583999999993,130.0
checkout,115,1711613860552891,1711613860652891,363.94390000000004,411.2355,534.2445499999999,682.9203100000002,300.0
checkout,116,1711613860652891,1711613860752891,342.1959047619048,293.355,495.053,596.3314,210.0
checkout,117,1711613860752891,1711613860852891,349.6419333333333,425.872,499.43159999999995,538.6663199999999,150.0
checkout,118,1711613860852891,1711613860952891,374.7770416666667,441.5485,512.4947999999999,542.87741,240.0
checkout,119,1711613860952891,1711613861052891,347.8090625,297.57,592.62675,677.6797499999999,160.0
checkout,120,1711613861052891,1711613861152891,319.86659090909086,289.8755,470.14119999999997,643.4375999999999,220.0
checkout,121,1711613861152891,1711613861252891,374.926962962963,385.044,651.9812,721.8455999999999,270.0
checkout,122,1711613861252891,1711613861352891,369.21913043478264,370.649,516.7407,526.84268,230.0
checkout,123,1711613861352891,1711613861452891,363.0222857142857,316.5485,581.7057,668.32025,280.0
checkout,124,1711613861452891,1711613861552891,377.63294736842107,376.61400000000003,553.4902999999998,705.9971000000002,380.0
checkout,125,1711613861552891,1711613861652891,361.02666666666664,364.0595,486.38469999999995,508.41533999999996,180.0
checkout,126,1711613861652891,1711613861752891,419.7973461538461,324.9335,863.416,1308.16425,260.0
checkout,127,1711613861752891,1711613861852891,683.674,754.474,1203.6731999999997,1533.9315200000003,230.0
checkout,128,1711613861852891,1711613861952891,770.2770625,774.1185,1271.1895,1586.5146999999997,160.0
checkout,129,1711613861952891,1711613862052891,803.6914074074074,819.196,1268.9292,1279.0042799999999,270.0
checkout,130,1711613862052891,1711613862152891,763.8060967741935,766.068,955.9770000000001,1156.2780999999998,310.0
checkout,131,1711613862152891,1711613862252891,723.5542499999999,711.0455,919.0062,932.8564399999999,200.0
checkout,132,1711613862252891,1711613862352891,861.1265416666666,853.2529999999999,1280.4431999999997,1452.71454,240.0
checkout,133,1711613862352891,1711613862452891,799.0376538461538,835.5235,1011.803,1104.359,260.0
checkout,134,1711613862452891,1711613862552891,820.593294117647,773.457,1333.1778000000002,1346.71316,170.0
checkout,135,1711613862552891,1711613862652891,700.7884137931035,701.265,905.3843999999999,924.6788799999999,290.0
checkout,136,1711613862652891,1711613862752891,808.0998275862071,856.676,1130.5207999999996,1239.43728,290.0
checkout,137,1711613862752891,1711613862852891,742.1732272727272,716.0405000000001,975.4010499999999,1227.8453699999998,220.0
checkout,138,1711613862852891,1711613862952891,765.9235217391304,767.941,1193.3826,1344.0504600000002,230.0
checkout,139,1711613862952891,1711613863052891,773.8247500000001,739.5554999999999,1225.48005,1570.4295299999999,240.0
checkout,140,1711613863052891,1711613863152891,788.7604736842104,805.48,1183.8273,1245.93666,190.0
checkout,141,1711613863152891,1711613863252891,663.963857142857,621.3485000000001,1017.9223499999999,1050.2927300000001,280.0
checkout,142,1711613863252891,1711613863352891,710.1675714285715,707.898,952.566,994.9236000000001,210.0
checkout,143,1711613863352891,1711613863452891,712.1547826086957,708.743,919.6447,1184.2091600000003,230.0
checkout,144,1711613863452891,1711613863552891,681.6029565217392,618.629,946.8832999999998,1224.5763000000004,230.0
checkout,145,1711613863552891,1711613863652891,762.3479999999998,698.141,1370.4831,1393.82556,230.0
checkout,146,1711613863652891,1711613863752891,767.6966153846154,705.307,1344.7279999999998,1390.6255999999998,130.0
checkout,147,1711613863752891,1711613863852891,601.7535454545455,590.871,1021.58925,1132.48499,220.0
checkout,148,1711613863852891,1711613863952891,678.3282777777779,645.3805,1044.3400499999996,1225.5376099999996,180.0
checkout,149,1711613863952891,1711613864052891,733.8694285714286,774.2829999999999,1128.1683499999997,1272.65699,280.0
checkout,150,1711613864052891,1711613864152891,500.0950909090909,521.46,888.2111499999999,961.3116799999999,220.0
checkout,151,1711613864152891,1711613864252891,656.1342000000001,585.18,973.2435999999999,1211.8695599999994,250.0
checkout,152,1711613864252891,1711613864352891,681.1018499999999,633.2125000000001,1216.04625,1271.3324499999999,200.0
checkout,153,1711613864352891,1711613864452891,660.2875,629.359,1146.3786499999999,1198.86126,220.0
checkout,154,1711613864452891,1711613864552891,517.4519259259259,539.14,885.2148,902.04782,270.0
checkout,155,1711613864552891,1711613864652891,503.944,513.243,864.1017999999999,1079.3195199999993,250.0
checkout,156,1711613864652891,1711613864752891,600.1501176470588,576.309,803.0966,814.22492,170.0
checkout,157,1711613864752891,1711613864852891,460.61744,477.762,750.7532,799.4133999999998,250.0
checkout,158,1711613864852891,1711613864952891,410.73354545454544,451.61199999999997,796.08035,1081.2174499999996,220.0
checkout,159,1711613864952891,1711613865052891,500.7263870967742,449.519,773.6389999999999,973.5961999999998,310.0
checkout,160,1711613865052891,1711613865152891,386.21843478260865,406.836,716.6592999999999,913.2517600000003,230.0
checkout,161,1711613865152891,1711613865252891,389.66995238095234,388.228,712.096,728.2312000000001,210.0
checkout,162,1711613865252891,1711613865352891,425.0775833333334,356.77700000000004,714.29035,857.8939799999999,240.0
checkout,163,1711613865352891,1711613865452891,380.57631578947365,351.324,808.3670999999996,935.8294200000001,190.0
checkout,164,1711613865452891,1711613865552891,481.36910000000006,410.74249999999995,700.3254500000002,891.8522899999997,200.0
checkout,165,1711613865552891,1711613865652891,343.655652173913,379.722,650.9786,653.17376,230.0
checkout,166,1711613865652891,1711613865752891,432.22749999999996,571.1675,849.6188499999997,882.21845,240.0
checkout,167,1711613865752891,1711613865852891,285.49288,322.226,635.6167999999999,782.2071599999997,250.0
checkout,168,1711613865852891,1711613865952891,267.5101818181818,250.7545,588.6908999999999,686.4443599999998,220.0
checkout,169,1711613865952891,1711613866052891,324.04058823529414,314.647,533.7888,540.53056,170.0
checkout,170,1711613866052891,1711613866152891,332.5913333333333,307.408,549.088,558.0296,210.0
checkout,171,1711613866152891,1711613866252891,241.2041,261.776,464.41880000000003,469.88776,200.0
checkout,172,1711613866252891,1711613866352891,204.32544000000001,248.581,463.117,467.96083999999996,250.0
checkout,173,1711613866352891,1711613866452891,219.5738076923077,247.7095,427.7905,444.71825,260.0
checkout,174,1711613866452891,1711613866552891,171.02953125,224.796,367.7624,397.13262000000003,320.0
checkout,175,1711613866552891,1711613866652891,179.39874074074075,197.148,358.7446,366.16262,270.0
checkout,176,1711613866652891,1711613866752891,177.915125,177.836,340.3177999999997,462.93758,400.0
checkout,177,1711613866752891,1711613866852891,174.28555999999998,175.289,307.2329999999999,348.1188799999999,250.0
checkout,178,1711613866852891,1711613866952891,136.17573333333334,157.86,194.74699999999996,209.4134,150.0
checkout,179,1711613866952891,1711613867052891,132.94643478260872,134.727,239.781,241.96645999999998,230.0
checkout,180,1711613867052891,1711613867152891,112.5312857142857,109.994,210.52,214.0136,210.0
checkout,181,1711613867152891,1711613867252891,67.20428,57.583,115.60919999999999,151.2127999999999,250.0
checkout,182,1711613867252891,1711613867352891,56.08205,26.207,127.0429,131.90538,200.0
checkout,183,1711613867352891,1711613867452891,56.592000000000006,63.249,99.12179999999998,114.78067999999998,270.0
checkout,184,1711613867452891,1711613867552891,38.99005555555555,38.492000000000004,70.92389999999996,86.85357999999997,180.0
checkout,185,1711613867552891,1711613867652891,26.243000000000002,20.2865,46.36925,52.6575,260.0
checkout,186,1711613867652891,1711613867752891,29.412749999999996,26.485999999999997,54.70555000000001,63.438709999999986,200.0
checkout,187,1711613867752891,1711613867852891,17.48748,16.943,21.438399999999998,25.454519999999988,250.0
checkout,188,1711613867852891,1711613867952891,18.839,17.525,23.262999999999998,24.56226,270.0
checkout,189,1711613867952891,1711613868052891,32.42704166666667,32.814,48.19444999999999,51.138130000000004,240.0
checkout,190,1711613868052891,1711613868152891,35.969904761904765,38.093,51.631,59.83020000000001,210.0
checkout,191,1711613868152891,1711613868252891,19.971777777777778,20.2145,24.69585,25.02157,180.0
checkout,192,1711613868252891,1711613868352891,25.436958333333333,25.049,40.99519999999998,43.0113,240.0
checkout,193,1711613868352891,1711613868452891,22.68652,21.515,31.669399999999992,33.20088,250.0
checkout,194,1711613868452891,1711613868552891,22.21746153846154,21.380499999999998,31.4725,34.06275,260.0
checkout,195,1711613868552891,1711613868652891,21.023666666666667,18.567,42.69539999999999,45.95444,240.0
checkout,196,1711613868652891,1711613868752891,29.562590909090908,30.3005,39.46959999999999,40.892399999999995,220.0
checkout,197,1711613868752891,1711613868852891,26.668937500000002,28.417499999999997,33.122,33.150800000000004,160.0
checkout,198,1711613868852891,1711613868952891,17.972800000000003,17.612,22.291,22.50152,250.0
checkout,199,1711613868952891,1711613869052891,19.978260869565222,18.838,27.831499999999995,29.876600000000003,230.0
checkout,200,1711613869052891,1711613869152891,26.09885185185185,23.452,42.14359999999999,45.15338,270.0
browse,0,1711613849052891,1711613849152891,0,0,0,0,0
browse,1,1711613849152891,1711613849252891,0,0,0,0,0
browse,2,1711613849252891,1711613849352891,0,0,0,0,0
browse,3,1711613849352891,1711613849452891,0,0,0,0,0
browse,4,1711613849452891,1711613849552891,0,0,0,0,0
browse,5,1711613849552891,1711613849652891,0,0,0,0,0
browse,6,1711613849652891,1711613849752891,0,0,0,0,0
browse,7,1711613849752891,1711613849852891,0,0,0,0,0
browse,8,1711613849852891,1711613849952891,0,0,0,0,0
browse,9,1711613849952891,1711613850052891,0,0,0,0,0
browse,10,1711613850052891,1711613850152891,0,0,0,0,0
browse,11,1711613850152891,1711613850252891,0,0,0,0,0
browse,12,1711613850252891,1711613850352891,0,0,0,0,0
browse,13,1711613850352891,1711613850452891,0,0,0,0,0
browse,14,1711613850452891,1711613850552891,0,0,0,0,0
browse,15,1711613850552891,1711613850652891,59.553333333333335,43.237,103.3172,107.26024,90.0
browse,16,1711613850652891,1711613850752891,17.87795652173913,17.898,24.321399999999997,24.54024,230.0
browse,17,1711613850752891,1711613850852891,28.714291666666668,27.865499999999997,43.1413,50.46595,240.0
browse,18,1711613850852891,1711613850952891,50.81527027027027,48.286,69.23859999999999,95.22884000000002,370.0
browse,19,1711613850952891,1711613851052891,55.02817142857144,52.34,88.73929999999997,109.27885999999992,350.0
browse,20,1711613851052891,1711613851152891,83.11691304347826,82.102,124.20669999999997,134.86652,230.0
browse,21,1711613851152891,1711613851252891,74.02311764705883,73.336,95.97579999999999,106.01996,170.0
browse,22,1711613851252891,1711613851352891,87.68067924528302,80.82,163.28739999999996,214.70447999999996,530.0
browse,23,1711613851352891,1711613851452891,122.98187878787878,122.811,166.30339999999998,200.83487999999997,330.0
browse,24,1711613851452891,1711613851552891,144.07358333333332,144.7705,205.58425,236.46444999999994,360.0
browse,25,1711613851552891,1711613851652891,157.37732352941177,152.6415,214.10074999999998,223.86238000000003,340.0
browse,26,1711613851652891,1711613851752891,155.91680555555553,144.387,258.2155,272.31705,360.0
browse,27,1711613851752891,1711613851852891,170.88376595744683,167.028,260.6699999999999,287.9525,470.0
browse,28,1711613851852891,1711613851952891,160.16318181818184,155.901,227.73039999999997,238.81724,330.0
browse,29,1711613851952891,1711613852052891,150.8496451612903,134.858,250.98399999999998,330.61439999999993,310.0
browse,30,1711613852052891,1711613852152891,172.84545945945948,175.324,256.63299999999987,293.03028,370.0
browse,31,1711613852152891,1711613852252891,208.20326470588233,210.789,303.56974999999994,385.6118500000002,340.0
browse,32,1711613852252891,1711613852352891,185.29299999999998,186.743,259.3674,268.28659999999996,370.0
browse,33,1711613852352891,1711613852452891,214.03904347826082,209.219,272.7831,330.7465800000001,230.0
browse,34,1711613852452891,1711613852552891,215.67782142857143,215.666,289.91184999999996,340.98309,280.0
browse,35,1711613852552891,1711613852652891,254.38973809523807,251.578,386.9414,427.9979799999999,420.0
browse,36,1711613852652891,1711613852752891,263.0637741935484,256.341,355.061,358.4572,310.0
browse,37,1711613852752891,1711613852852891,266.3732068965518,256.957,349.1739999999999,388.22159999999997,290.0
browse,38,1711613852852891,1711613852952891,267.1656388888889,269.76,346.146,406.2030999999999,360.0
browse,39,1711613852952891,1711613853052891,286.9813513513514,275.112,389.6844,415.57368,370.0
browse,40,1711613853052891,1711613853152891,289.9481176470587,286.18899999999996,392.2665999999999,454.32251000000014,340.0
browse,41,1711613853152891,1711613853252891,315.64121428571434,307.3745,447.88884999999993,581.7598800000001,280.0
browse,42,1711613853252891,1711613853352891,305.54620512820514,307.382,412.3093000000001,511.72775999999993,390.0
browse,43,1711613853352891,1711613853452891,307.36347222222224,311.0405,412.93975,419.62775,360.0
browse,44,1711613853452891,1711613853552891,343.69121951219506,319.239,521.748,599.4626000000001,410.0
browse,45,1711613853552891,1711613853652891,355.39344444444447,339.37850000000003,561.75875,595.5656999999999,360.0
browse,46,1711613853652891,1711613853752891,348.94482352941174,351.2905,594.9357,601.07296,340.0
browse,47,1711613853752891,1711613853852891,330.69563333333343,334.403,495.9068499999999,598.4463900000001,300.0
browse,48,1711613853852891,1711613853952891,331.61336111111115,334.2355,585.38825,658.4759,360.0
browse,49,1711613853952891,1711613854052891,353.7273333333333,366.246,560.8684999999999,627.0944,270.0
browse,50,1711613854052891,1711613854152891,415.62110344827585,404.466,645.8219999999998,698.48696,290.0
browse,51,1711613854152891,1711613854252891,399.28654838709673,342.163,681.333,853.512,310.0
browse,52,1711613854252891,1711613854352891,388.3208857142857,413.575,590.6736999999999,695.3426399999995,350.0
browse,53,1711613854352891,1711613854452891,425.6262,448.969,708.5158999999999,803.6231999999998,350.0
browse,54,1711613854452891,1711613854552891,422.9263142857143,412.179,663.5572999999999,688.5735999999999,350.0
browse,55,1711613854552891,1711613854652891,468.64179069767437,451.238,723.3564999999999,777.69846,430.0
browse,56,1711613854652891,1711613854752891,436.7711081081081,455.909,690.498,729.11976,370.0
browse,57,1711613854752891,1711613854852891,399.5412380952381,408.458,639.277,670.9306,210.0
browse,58,1711613854852891,1711613854952891,467.38841666666667,430.61850000000004,762.3661999999999,959.6424700000001,480.0
browse,59,1711613854952891,1711613855052891,479.4999130434782,503.1,801.6953999999997,953.7443000000002,230.0
browse,60,1711613855052891,1711613855152891,470.8648787878788,449.238,710.8896,783.84488,330.0
browse,61,1711613855152891,1711613855252891,464.07361111111106,481.736,688.713,760.5786999999999,360.0
browse,62,1711613855252891,1711613855352891,453.60280000000006,439.654,712.6407999999999,757.1320599999999,350.0
browse,63,1711613855352891,1711613855452891,495.7196666666666,483.99649999999997,806.0309,935.6040899999995,420.0
browse,64,1711613855452891,1711613855552891,487.3476774193548,429.929,747.2545,889.3931999999999,310.0
browse,65,1711613855552891,1711613855652891,450.50208823529414,420.697,706.5421499999999,789.0001700000001,340.0
browse,66,1711613855652891,1711613855752891,480.1939615384615,458.1815,714.11325,894.169,260.0
browse,67,1711613855752891,1711613855852891,434.0887368421052,463.11,654.13,697.2463600000002,380.0
browse,68,1711613855852891,1711613855952891,482.50350000000003,470.2735,698.30825,787.2045,260.0
browse,69,1711613855952891,1711613856052891,445.8608611111111,427.8245,722.9277500000001,813.7466499999999,360.0
browse,70,1711613856052891,1711613856152891,444.21324999999996,442.447,729.15075,746.86595,360.0
browse,71,1711613856152891,1711613856252891,556.1752142857143,529.156,947.6072,1016.83649,280.0
browse,72,1711613856252891,1711613856352891,424.8998928571428,391.243,726.4129999999998,788.26327,280.0
browse,73,1711613856352891,1711613856452891,400.5989411764706,377.8225,698.7742499999999,734.5822000000001,340.0
browse,74,1711613856452891,1711613856552891,432.19113793103446,400.751,742.8482,820.0328399999999,290.0
browse,75,1711613856552891,1711613856652891,400.0277096774193,401.511,687.7475,701.3526999999999,310.0
browse,76,1711613856652891,1711613856752891,435.91358333333335,448.2115,736.6147500000001,864.2987499999999,360.0
browse,77,1711613856752891,1711613856852891,393.2938125,353.605,666.42865,725.0502500000001,320.0
browse,78,1711613856852891,1711613856952891,423.5927567567567,450.395,703.6498,788.49476,370.0
browse,79,1711613856952891,1711613857052891,469.9549,460.6005,711.1987499999994,1076.1777499999998,400.0
browse,80,1711613857052891,1711613857152891,419.3825897435897,420.188,697.6906000000001,850.0959399999996,390.0
browse,81,1711613857152891,1711613857252891,432.81778947368423,431.5255,754.5683499999998,903.7387100000001,380.0
browse,82,1711613857252891,1711613857352891,449.1935217391303,424.563,757.2720999999998,857.51718,230.0
browse,83,1711613857352891,1711613857452891,418.64682142857146,417.6175,635.2308999999999,671.13346,280.0
browse,84,1711613857452891,1711613857552891,459.7990322580645,454.31,667.424,710.1528999999999,310.0
browse,85,1711613857552891,1711613857652891,413.03825,369.595,872.27075,955.0436499999998,360.0
browse,86,1711613857652891,1711613857752891,461.5546470588235,467.5235,712.1086499999999,785.1928600000001,340.0
browse,87,1711613857752891,1711613857852891,493.0628666666667,515.1514999999999,692.6854999999999,717.86226,300.0
browse,88,1711613857852891,1711613857952891,500.540575,510.60350000000005,782.8894499999999,859.05086,400.0
browse,89,1711613857952891,1711613858052891,458.49215789473686,431.05949999999996,766.7667999999998,965.2012600000002,380.0
browse,90,1711613858052891,1711613858152891,502.8648421052632,472.8775,815.9425999999999,975.9351900000004,380.0
browse,91,1711613858152891,1711613858252891,432.5642413793103,397.32,700.7391999999998,807.17792,290.0
browse,92,1711613858252891,1711613858352891,478.47290625,492.048,821.2363999999999,884.3088700000001,320.0
browse,93,1711613858352891,1711613858452891,434.1306538461538,426.581,627.0527500000001,863.8045,260.0
browse,94,1711613858452891,1711613858552891,465.71753125,449.18399999999997,657.8481499999999,887.8382900000004,320.0
browse,95,1711613858552891,1711613858652891,480.6833617021277,448.897,904.1411999999998,1050.6254999999999,470.0
browse,96,1711613858652891,1711613858752891,541.9805,578.6985,833.7927500000001,951.7620000000001,260.0
browse,97,1711613858752891,1711613858852891,449.9500243902438,406.934,840.82,877.6400000000001,410.0
browse,98,1711613858852891,1711613858952891,461.49928125,448.1585,720.94875,777.6884,320.0
browse,99,1711613858952891,1711613859052891,483.1323571428571,514.101,766.2073499999998,828.8344500000001,280.0
browse,100,1711613859052891,1711613859152891,478.60267647058816,468.8995,755.9553,795.27871,340.0
browse,101,1711613859152891,1711613859252891,553.5466285714284,545.391,814.0230999999999,1358.3365999999974,350.0
browse,102,1711613859252891,1711613859352891,418.93877142857156,404.122,712.9803999999999,974.8011999999987,350.0
browse,103,1711613859352891,1711613859452891,499.14714285714297,478.8455,710.84325,875.2289700000001,280.0
browse,104,1711613859452891,1711613859552891,438.9209705882353,462.49199999999996,627.0400999999999,692.4880000000002,340.0
browse,105,1711613859552891,1711613859652891,388.35875,390.898,666.24885,710.67642,400.0
browse,106,1711613859652891,1711613859752891,429.40663414634145,407.558,781.65,1103.6918000000003,410.0
browse,107,1711613859752891,1711613859852891,403.54545238095244,448.38,621.7732000000001,769.4769699999999,420.0
browse,108,1711613859852891,1711613859952891,436.60347619047616,422.476,756.687,885.3118000000001,210.0
browse,109,1711613859952891,1711613860052891,435.9280625,409.443,639.2710000000001,846.8206000000004,320.0
browse,110,1711613860052891,1711613860152891,468.89143243243245,440.259,778.4971999999998,938.36472,370.0
browse,111,1711613860152891,1711613860252891,403.139125,429.831,672.6523,761.2595900000001,320.0
browse,112,1711613860252891,1711613860352891,458.3362424242424,440.526,667.2262,776.5793199999999,330.0
browse,113,1711613860352891,1711613860452891,412.55492105263164,432.089,685.56275,796.9689200000005,380.0
browse,114,1711613860452891,1711613860552891,471.5765789473685,465.19500000000005,720.9149499999999,958.3892500000006,380.0
browse,115,1711613860552891,1711613860652891,455.56789473684216,478.895,725.9593,741.67186,190.0
browse,116,1711613860652891,1711613860752891,463.53512903225806,453.917,704.7615000000001,729.3139,310.0
browse,117,1711613860752891,1711613860852891,475.3217352941177,462.3065,828.8746999999995,1000.60063,340.0
browse,118,1711613860852891,1711613860952891,518.7410540540541,499.515,871.9293999999998,1053.39436,370.0
browse,119,1711613860952891,1711613861052891,426.9625588235294,439.784,716.2842499999998,801.4660600000001,340.0
browse,120,1711613861052891,1711613861152891,446.0147575757575,445.575,641.4946,725.0562399999999,330.0
browse,121,1711613861152891,1711613861252891,480.58611428571436,474.097,674.577,748.5431799999997,350.0
browse,122,1711613861252891,1711613861352891,433.20027027027027,444.551,626.0913999999998,669.27572,370.0
browse,123,1711613861352891,1711613861452891,512.2557441860466,467.497,952.5411999999998,1108.1391599999997,430.0
browse,124,1711613861452891,1711613861552891,490.0195862068965,449.974,905.0445999999993,1079.4727599999999,290.0
browse,125,1711613861552891,1711613861652891,575.5173870967742,436.052,1182.2815,1523.395,310.0
browse,126,1711613861652891,1711613861752891,648.1874242424243,509.22,1295.9107999999999,1343.2802000000001,330.0
browse,127,1711613861752891,1711613861852891,762.303303030303,760.65,1326.3968,1557.5947999999999,330.0
browse,128,1711613861852891,1711613861952891,912.59525,948.877,1252.9800499999997,1420.88664,240.0
browse,129,1711613861952891,1711613862052891,944.5879615384615,948.8589999999999,1315.53175,1721.185,260.0
browse,130,1711613862052891,1711613862152891,980.1559999999997,968.1185,1466.2355999999997,1698.8270900000002,300.0
browse,131,1711613862152891,1711613862252891,1031.684411764706,1013.402,1338.1386999999997,1472.5931000000003,340.0
browse,132,1711613862252891,1711613862352891,1165.5315384615385,1099.252,1690.43475,1702.577,260.0
browse,133,1711613862352891,1711613862452891,965.3281428571429,957.203,1464.8512999999998,1604.6546399999997,350.0
browse,134,1711613862452891,1711613862552891,974.2332799999999,995.378,1247.1727999999998,1273.61716,250.0
browse,135,1711613862552891,1711613862652891,993.3665106382979,969.297,1376.4093999999998,1478.45038,470.0
browse,136,1711613862652891,1711613862752891,1019.68490625,992.2705000000001,1593.0230499999998,1889.0392700000004,320.0
browse,137,1711613862752891,1711613862852891,920.0828823529412,904.2635,1203.12855,1397.9813500000005,340.0
browse,138,1711613862852891,1711613862952891,1044.2114374999999,1056.1755,1373.1769000000002,1398.84398,320.0
browse,139,1711613862952891,1711613863052891,994.7473846153846,946.685,1616.8631000000003,1954.498779999999,390.0
browse,140,1711613863052891,1711613863152891,945.7329268292682,948.485,1272.888,1937.0126000000007,410.0
browse,141,1711613863152891,1711613863252891,958.14652,971.963,1363.7205999999996,1464.0051599999997,250.0
browse,142,1711613863252891,1711613863352891,975.6448928571426,931.702,1534.3059999999996,1825.3660300000001,280.0
browse,143,1711613863352891,1711613863452891,895.2569166666666,897.4449999999999,1296.44705,1392.93137,240.0
browse,144,1711613863452891,1711613863552891,895.4447777777776,920.5615,1254.6835,1505.4191499999995,360.0
browse,145,1711613863552891,1711613863652891,971.9555675675675,950.674,1371.4049999999997,1629.3730000000003,370.0
browse,146,1711613863652891,1711613863752891,1047.3567714285712,1015.212,1616.0596999999998,1667.6361399999998,350.0
browse,147,1711613863752891,1711613863852891,929.0676333333334,965.2115,1309.3580499999998,1365.93959,300.0
browse,148,1711613863852891,1711613863952891,875.018892857143,818.0565,1316.9696000000001,1410.70127,280.0
browse,149,1711613863952891,1711613864052891,825.5128387096775,740.34,1338.0815,1496.7433999999998,310.0
browse,150,1711613864052891,1711613864152891,760.7791818181818,731.37,1263.6288,1298.8673999999999,330.0
browse,151,1711613864152891,1711613864252891,787.0855897435896,847.428,1188.1973000000003,1269.90498,390.0
browse,152,1711613864252891,1711613864352891,858.084117647059,856.5250000000001,1196.0617,1212.3155000000002,340.0
browse,153,1711613864352891,1711613864452891,688.7918148148149,623.853,1009.5891,1117.1831999999997,270.0
browse,154,1711613864452891,1711613864552891,842.4684074074074,870.441,1189.4998,1224.45324,270.0
browse,155,1711613864552891,1711613864652891,771.6579,825.0425,1149.9648,1176.40976,200.0
browse,156,1711613864652891,1711613864752891,656.4442413793103,546.176,1304.9027999999996,1426.63632,290.0
browse,157,1711613864752891,1711613864852891,689.8214375,733.2829999999999,1213.9897,1365.25698,320.0
browse,158,1711613864852891,1711613864952891,668.6391,707.476,1116.7769499999997,1308.04748,400.0
browse,159,1711613864952891,1711613865052891,608.7944482758621,476.391,1009.8724,1202.2590399999997,290.0
browse,160,1711613865052891,1711613865152891,621.8121818181818,634.061,1180.6924,1239.99296,330.0
browse,161,1711613865152891,1711613865252891,455.5701081081081,373.547,910.1935999999997,1119.6196800000002,370.0
browse,162,1711613865252891,1711613865352891,545.211,588.182,970.889,1166.2336399999997,290.0
browse,163,1711613865352891,1711613865452891,344.79560869565216,324.467,670.5078,855.2110400000003,230.0
browse,164,1711613865452891,1711613865552891,553.46590625,634.3325,841.0925,936.0984400000001,320.0
browse,165,1711613865552891,1711613865652891,497.8985277777778,578.0550000000001,858.6315000000001,889.944,360.0
browse,166,1711613865652891,1711613865752891,508.37371874999997,512.6765,861.7936,1008.7281100000002,320.0
browse,167,1711613865752891,1711613865852891,514.4261190476191,554.6705,750.7678,855.7032499999996,420.0
browse,168,1711613865852891,1711613865952891,379.4840571428572,325.629,762.5151999999999,771.40212,350.0
browse,169,1711613865952891,1711613866052891,396.63692307692304,449.87649999999996,667.00275,795.16575,260.0
browse,170,1711613866052891,1711613866152891,390.9634222222222,297.159,700.573,851.1274800000004,450.0
browse,171,1711613866152891,1711613866252891,367.7185862068965,279.215,638.5921999999999,771.9851599999998,290.0
browse,172,1711613866252891,1711613866352891,341.6378125,350.38599999999997,599.8151,618.01356,320.0
browse,173,1711613866352891,1711613866452891,305.9725806451612,331.423,541.7405,574.2949,310.0
browse,174,1711613866452891,1711613866552891,304.30442307692306,331.474,524.84925,614.20325,260.0
browse,175,1711613866552891,1711613866652891,194.21327272727274,194.145,387.24539999999996,447.486,330.0
browse,176,1711613866652891,1711613866752891,222.7871515151515,239.209,429.7862,444.12952,330.0
browse,177,1711613866752891,1711613866852891,181.44621428571426,171.726,351.3857999999999,408.65398999999996,420.0
browse,178,1711613866852891,1711613866952891,184.2623142857143,183.994,338.77819999999986,369.03756,350.0
browse,179,1711613866952891,1711613867052891,130.3596176470588,132.188,272.26769999999993,295.05298000000005,340.0
browse,180,1711613867052891,1711613867152891,128.37085714285715,128.304,214.2827,247.45997999999983,350.0
browse,181,1711613867152891,1711613867252891,100.07394871794872,100.793,207.5857,221.99104,390.0
browse,182,1711613867252891,1711613867352891,70.06664102564102,74.407,129.0157,136.59921999999997,390.0
browse,183,1711613867352891,1711613867452891,58.37470270270269,54.143,129.59399999999994,158.11768,370.0
browse,184,1711613867452891,1711613867552891,40.068527777777774,40.19,70.724,83.61149999999998,360.0
browse,185,1711613867552891,1711613867652891,26.545743589743587,23.803,50.64910000000001,58.34554,390.0
browse,186,1711613867652891,1711613867752891,17.069333333333336,14.813,30.518199999999982,43.65783999999999,330.0
browse,187,1711613867752891,1711613867852891,12.7824375,12.8525,15.56335,16.08078,320.0
browse,188,1711613867852891,1711613867952891,12.185580645161293,12.185,14.4795,15.4522,310.0
browse,189,1711613867952891,1711613868052891,14.171318181818181,12.675,24.922850000000004,28.67573,440.0
browse,190,1711613868052891,1711613868152891,22.67971052631579,23.453,37.2675,40.58269000000001,380.0
browse,191,1711613868152891,1711613868252891,16.350281250000002,15.0365,23.79725,24.82627,320.0
browse,192,1711613868252891,1711613868352891,12.912323529411765,12.717500000000001,17.145649999999996,19.1357,340.0
browse,193,1711613868352891,1711613868452891,17.732722222222222,17.1875,25.13075,31.60155,360.0
browse,194,1711613868452891,1711613868552891,19.45554054054054,19.486,27.10699999999999,29.88604,370.0
browse,195,1711613868552891,1711613868652891,12.516999999999998,12.435500000000001,14.829899999999999,15.31117,280.0
browse,196,1711613868652891,1711613868752891,12.478029411764705,12.08,15.8865,19.29687000000001,340.0
browse,197,1711613868752891,1711613868852891,12.926555555555558,12.886,14.687899999999999,15.290659999999999,270.0
browse,198,1711613868852891,1711613868952891,12.617500000000001,12.8225,14.625749999999998,16.006230000000002,300.0
browse,199,1711613868952891,1711613869052891,12.605487804878047,12.054,16.685,21.614400000000003,410.0
browse,200,1711613869052891,1711613869152891,19.550119047619052,17.820999999999998,27.930049999999998,35.96969999999999,420.0
view,0,1711613849052891,1711613849152891,0,0,0,0,0
view,1,1711613849152891,1711613849252891,0,0,0,0,0
view,2,1711613849252891,1711613849352891,0,0,0,0,0
view,3,1711613849352891,1711613849452891,0,0,0,0,0
view,4,1711613849452891,1711613849552891,0,0,0,0,0
view,5,1711613849552891,1711613849652891,0,0,0,0,0
view,6,1711613849652891,1711613849752891,0,0,0,0,0
view,7,1711613849752891,1711613849852891,0,0,0,0,0
view,8,1711613849852891,1711613849952891,0,0,0,0,0
view,9,1711613849952891,1711613850052891,0,0,0,0,0
view,10,1711613850052891,1711613850152891,0,0,0,0,0
view,11,1711613850152891,1711613850252891,0,0,0,0,0
view,12,1711613850252891,1711613850352891,0,0,0,0,0
view,13,1711613850352891,1711613850452891,0,0,0,0,0
view,14,1711613850452891,1711613850552891,17.877,17.877,17.877,17.877,10.0
view,15,1711613850552891,1711613850652891,15.734,15.669,17.343,17.4918,30.0
view,16,1711613850652891,1711613850752891,19.233823529411765,17.068,29.496799999999997,32.68016,170.0
view,17,1711613850752891,1711613850852891,24.588833333333334,22.575499999999998,36.65579999999997,48.33275999999997,180.0
view,18,1711613850852891,1711613850952891,37.49919047619047,35.306,51.249,58.552200000000006,210.0
view,19,1711613850952891,1711613851052891,58.777625,60.349000000000004,84.36775,89.67595,160.0
view,20,1711613851052891,1711613851152891,62.742920000000005,58.265,93.45159999999998,124.68015999999992,250.0
view,21,1711613851152891,1711613851252891,69.29594117647058,76.676,91.7344,93.93408,170.0
view,22,1711613851252891,1711613851352891,48.53608695652174,33.709,82.23109999999998,111.64552000000003,230.0
view,23,1711613851352891,1711613851452891,80.91175,83.14699999999999,111.89750000000002,130.37309999999997,200.0
view,24,1711613851452891,1711613851552891,102.38687096774191,95.674,131.55,192.87249999999995,310.0
view,25,1711613851552891,1711613851652891,134.2878888888889,126.763,191.6749,243.28629999999987,270.0
view,26,1711613851652891,1711613851752891,122.58561111111112,124.0875,157.9844499999998,240.11688999999978,180.0
view,27,1711613851752891,1711613851852891,102.87354545454542,106.2,156.61005,164.42302999999998,220.0
view,28,1711613851852891,1711613851952891,120.90520833333335,115.20949999999999,170.46054999999998,198.58400999999998,240.0
view,29,1711613851952891,1711613852052891,118.33223529411764,117.838,181.80719999999997,202.90223999999998,170.0
view,30,1711613852052891,1711613852152891,122.48942105263158,117.236,193.0138,196.99396000000002,190.0
view,31,1711613852152891,1711613852252891,154.3902380952381,146.095,197.121,362.45940000000013,210.0
view,32,1711613852252891,1711613852352891,139.14156,141.247,228.0899999999999,251.43515999999994,250.0
view,33,1711613852352891,1711613852452891,156.51599999999996,147.161,220.8744999999999,271.32369999999986,180.0
view,34,1711613852452891,1711613852552891,157.92712,156.364,227.38399999999996,251.11891999999995,250.0
view,35,1711613852552891,1711613852652891,173.58371428571428,179.226,249.217,326.4138000000001,210.0
view,36,1711613852652891,1711613852752891,185.3425909090909,162.3795,246.74705,341.1809399999999,220.0
view,37,1711613852752891,1711613852852891,169.9210952380952,146.315,226.913,351.5770000000001,210.0
view,38,1711613852852891,1711613852952891,183.58179166666665,196.0895,245.79334999999995,290.45192999999995,240.0
view,39,1711613852952891,1711613853052891,218.89054545454545,211.39749999999998,313.14019999999994,423.3533899999999,220.0
view,40,1711613853052891,1711613853152891,209.9162727272727,208.307,299.474,325.11960000000005,110.0
view,41,1711613853152891,1711613853252891,222.2266923076923,234.452,329.55625,333.78075,260.0
view,42,1711613853252891,1711613853352891,219.34649999999993,226.466,286.74105,359.72640999999993,220.0
view,43,1711613853352891,1711613853452891,238.319,240.221,390.91589999999997,416.1909,280.0
view,44,1711613853452891,1711613853552891,250.7404210526316,270.227,317.23079999999976,388.27176000000003,190.0
view,45,1711613853552891,1711613853652891,246.51047826086952,238.846,342.31769999999995,537.4846600000003,230.0
view,46,1711613853652891,1711613853752891,224.693724137931,219.232,358.8651999999998,415.29864,290.0
view,47,1711613853752891,1711613853852891,252.63094444444445,208.1895,400.82424999999967,566.2920499999996,180.0
view,48,1711613853852891,1711613853952891,315.98808333333335,300.515,653.1211499999996,764.8092999999999,240.0
view,49,1711613853952891,1711613854052891,257.5495416666667,263.4895,414.5836999999999,459.31507999999997,240.0
view,50,1711613854052891,1711613854152891,234.02503999999996,236.51,342.1502,371.55603999999994,250.0
view,51,1711613854152891,1711613854252891,256.4852631578947,232.472,394.69519999999994,410.84624,190.0
view,52,1711613854252891,1711613854352891,307.19876470588235,315.962,507.83899999999994,529.1446,170.0
view,53,1711613854352891,1711613854452891,279.66670000000005,268.9705,421.14310000000006,442.51581999999996,200.0
view,54,1711613854452891,1711613854552891,282.1745666666667,307.02049999999997,457.60894999999994,592.7860100000001,300.0
view,55,1711613854552891,1711613854652891,286.7297916666667,274.0565,428.7564999999999,592.1529099999999,240.0
view,56,1711613854652891,1711613854752891,327.51521739130436,330.539,519.5469999999999,689.8361400000002,230.0
view,57,1711613854752891,1711613854852891,310.93045,310.45849999999996,454.92580000000004,455.63716,200.0
view,58,1711613854852891,1711613854952891,353.06431818181824,381.2125,496.70779999999996,501.31033,220.0
view,59,1711613854952891,1711613855052891,360.8841111111111,392.126,474.23125,483.47585,180.0
view,60,1711613855052891,1711613855152891,360.021,363.1945,658.17,759.63625,260.0
view,61,1711613855152891,1711613855252891,327.79,313.27750000000003,541.7447500000001,546.90475,260.0
view,62,1711613855252891,1711613855352891,331.2332857142857,353.789,547.907,585.255,210.0
view,63,1711613855352891,1711613855452891,282.3679523809525,249.988,516.854,548.4372,210.0
view,64,1711613855452891,1711613855552891,341.06748,343.289,529.2609999999999,601.4115199999998,250.0
view,65,1711613855552891,1711613855652891,306.12108695652176,282.466,472.4282,500.63398000000007,230.0
view,66,1711613855652891,1711613855752891,369.8438709677419,361.191,568.3915,896.2193999999996,310.0
view,67,1711613855752891,1711613855852891,369.0787222222222,382.1655,569.5923499999998,673.6656699999997,180.0
view,68,1711613855852891,1711613855952891,334.86375,313.5745,651.5771,735.8383900000001,320.0
view,69,1711613855952891,1711613856052891,337.83164999999997,326.2695,532.2929,537.26178,200.0
view,70,1711613856052891,1711613856152891,319.14799999999997,314.039,560.2370999999999,570.56294,230.0
view,71,1711613856152891,1711613856252891,269.2070909090909,239.6585,555.379,581.8256899999999,220.0
view,72,1711613856252891,1711613856352891,303.4847307692308,296.9895,534.3697500000001,551.36225,260.0
view,73,1711613856352891,1711613856452891,364.9185714285714,380.02250000000004,531.2458499999999,588.1934100000001,280.0
view,74,1711613856452891,1711613856552891,360.94868181818185,325.582,477.0913,693.3208299999998,220.0
view,75,1711613856552891,1711613856652891,262.41921739130436,274.262,518.5946,630.2611200000001,230.0
view,76,1711613856652891,1711613856752891,299.68416666666667,341.324,460.8171999999999,494.1834399999999,180.0
view,77,1711613856752891,1711613856852891,291.58281250000005,312.70349999999996,458.55675,485.78175,160.0
view,78,1711613856852891,1711613856952891,315.207,259.137,699.0333999999991,946.4001999999995,250.0
view,79,1711613856952891,1711613857052891,351.93240909090906,332.347,680.68405,720.5137,220.0
view,80,1711613857052891,1711613857152891,289.9215000000001,286.49249999999995,457.12715000000003,488.38062999999994,200.0
view,81,1711613857152891,1711613857252891,309.77075,287.17449999999997,503.79095,696.7324900000001,280.0
view,82,1711613857252891,1711613857352891,322.93282352941173,270.759,635.1887999999998,833.7929599999999,170.0
view,83,1711613857352891,1711613857452891,368.55447826086953,345.251,598.8466,661.2636400000001,230.0
view,84,1711613857452891,1711613857552891,284.02094736842105,241.893,512.3354999999998,568.3335,190.0
view,85,1711613857552891,1711613857652891,325.58306896551727,323.43,550.9649999999997,734.6749199999997,290.0
view,86,1711613857652891,1711613857752891,310.3575,276.693,586.171,589.5585,240.0
view,87,1711613857752891,1711613857852891,359.52745454545453,386.15250000000003,485.516,574.7893399999999,220.0
view,88,1711613857852891,1711613857952891,314.304875,311.525,571.63945,607.89204,240.0
view,89,1711613857952891,1711613858052891,323.51689999999996,311.1065,528.4269500000003,834.5845899999995,200.0
view,90,1711613858052891,1711613858152891,359.29437037037036,344.286,571.0176,973.9398599999992,270.0
view,91,1711613858152891,1711613858252891,323.39275,280.13800000000003,534.1134999999999,553.53475,240.0
view,92,1711613858252891,1711613858352891,291.4618787878788,259.098,490.1054,498.14124,330.0
view,93,1711613858352891,1711613858452891,289.81164,266.683,469.0285999999999,482.712,250.0
view,94,1711613858452891,1711613858552891,338.44507142857145,336.74649999999997,571.8347499999999,617.81241,280.0
view,95,1711613858552891,1711613858652891,339.7736923076924,331.3405,600.3217500000001,730.535,260.0
view,96,1711613858652891,1711613858752891,342.9921739130434,381.111,535.3301,688.8862000000003,230.0
view,97,1711613858752891,1711613858852891,336.0884838709677,356.915,530.025,572.4858999999999,310.0
view,98,1711613858852891,1711613858952891,352.3631428571428,379.205,573.07,580.8732,210.0
view,99,1711613858952891,1711613859052891,241.51508333333337,234.5595,462.97789999999986,540.6651800000001,120.0
view,100,1711613859052891,1711613859152891,298.4393181818182,354.381,461.59925,465.46123,220.0
view,101,1711613859152891,1711613859252891,326.5051176470588,333.031,549.8127999999999,559.23936,170.0
view,102,1711613859252891,1711613859352891,328.26495000000006,289.5385,514.6026500000002,633.8261299999998,200.0
view,103,1711613859352891,1711613859452891,330.5272631578947,306.267,492.99519999999967,608.78704,190.0
view,104,1711613859452891,1711613859552891,322.33024,282.829,621.4337999999999,646.59556,250.0
view,105,1711613859552891,1711613859652891,294.55370000000005,271.372,607.8685000000003,846.0144999999997,200.0
view,106,1711613859652891,1711613859752891,328.37050000000005,398.4305,499.9334499999998,584.7450899999998,180.0
view,107,1711613859752891,1711613859852891,308.13123529411763,334.173,445.63879999999995,521.02376,170.0
view,108,1711613859852891,1711613859952891,335.88190322580647,293.37,555.1245,655.1118,310.0
view,109,1711613859952891,1711613860052891,311.5564583333333,261.211,648.1872500000001,659.44791,240.0
view,110,1711613860052891,1711613860152891,297.32020833333337,257.467,737.3042999999998,801.26965,240.0
view,111,1711613860152891,1711613860252891,288.55336,270.951,531.7421999999999,558.35064,250.0
view,112,1711613860252891,1711613860352891,271.08662499999997,254.8705,442.13185,451.6434,240.0
view,113,1711613860352891,1711613860452891,372.8258333333333,403.686,623.2492999999997,651.90904,240.0
view,114,1711613860452891,1711613860552891,340.0288965517241,279.807,580.7261999999996,681.0010799999999,290.0
view,115,1711613860552891,1711613860652891,316.4838888888889,290.821,489.66089999999997,584.4361199999998,270.0
view,116,1711613860652891,1711613860752891,363.74834375,412.76099999999997,569.4366499999999,665.9154,320.0
view,117,1711613860752891,1711613860852891,306.3004642857143,278.2605,634.2752499999999,691.03423,280.0
view,118,1711613860852891,1711613860952891,376.30495454545456,357.3835,544.6619499999999,805.4364099999997,220.0
view,119,1711613860952891,1711613861052891,368.0861428571429,323.086,502.67224999999996,635.1489300000001,280.0
view,120,1711613861052891,1711613861152891,372.1281500000001,359.1725,522.3050500000002,666.2498099999998,200.0
view,121,1711613861152891,1711613861252891,344.8320476190476,291.614,484.938,742.3092000000003,210.0
view,122,1711613861252891,1711613861352891,313.08347619047623,284.314,501.66,680.0456000000001,210.0
view,123,1711613861352891,1711613861452891,314.5296956521739,298.34,446.7675,450.0534,230.0
view,124,1711613861452891,1711613861552891,329.10147058823526,301.195,478.00260000000003,482.24452,170.0
view,125,1711613861552891,1711613861652891,372.4579310344828,402.87,495.54439999999994,853.4941599999994,290.0
view,126,1711613861652891,1711613861752891,314.8681666666667,260.8385,486.5684999999993,801.8640999999992,180.0
view,127,1711613861752891,1711613861852891,398.35831578947364,273.035,1026.3537999999999,1075.78036,190.0
view,128,1711613861852891,1711613861952891,553.5935238095238,700.84,927.815,1080.1190000000001,210.0
view,129,1711613861952891,1711613862052891,762.49235,871.9079999999999,1276.1535999999999,1288.67232,200.0
view,130,1711613862052891,1711613862152891,679.4266315789473,659.19,1196.7936999999997,1291.86034,190.0
view,131,1711613862152891,1711613862252891,772.1204000000001,833.596,936.6954,1403.267719999999,250.0
view,132,1711613862252891,1711613862352891,782.9280454545453,805.0215000000001,956.7522999999999,1155.9155999999998,220.0
view,133,1711613862352891,1711613862452891,692.2104,727.694,873.4712,909.93264,250.0
view,134,1711613862452891,1711613862552891,635.7509600000001,586.822,826.2456,838.0055199999999,250.0
view,135,1711613862552891,1711613862652891,589.1795806451613,558.844,742.6555,999.5897999999996,310.0
view,136,1711613862652891,1711613862752891,748.1614347826088,752.702,1067.1479999999997,1185.89312,230.0
view,137,1711613862752891,1711613862852891,645.4240625,581.885,883.5775,913.8883,160.0
view,138,1711613862852891,1711613862952891,694.3614500000001,645.779,918.0025,962.0596999999999,200.0
view,139,1711613862952891,1711613863052891,671.7457000000002,616.328,908.4867500000003,1082.7509499999996,200.0
view,140,1711613863052891,1711613863152891,692.80908,639.456,1057.7549999999997,1371.8413199999993,250.0
view,141,1711613863152891,1711613863252891,647.8910454545455,629.8240000000001,848.6585,853.00103,220.0
view,142,1711613863252891,1711613863352891,792.7670952380951,764.637,1260.338,1274.7524,210.0
view,143,1711613863352891,1711613863452891,689.1086956521739,641.172,1183.1566999999995,1220.19448,230.0
view,144,1711613863452891,1711613863552891,648.4981999999999,579.742,1161.8488999999995,1262.98395,300.0
view,145,1711613863552891,1711613863652891,682.4229545454546,593.6855,1078.0377,1186.4679899999999,220.0
view,146,1711613863652891,1711613863752891,700.9631199999999,627.489,1269.874199999999,1350.31208,250.0
view,147,1711613863752891,1711613863852891,670.6161153846153,645.2225000000001,1036.173,1155.8595,260.0
view,148,1711613863852891,1711613863952891,669.7017647058824,592.925,1038.6534,1210.82108,170.0
view,149,1711613863952891,1711613864052891,623.4183870967742,576.134,985.645,1013.3188,310.0
view,150,1711613864052891,1711613864152891,648.1498148148149,616.227,1169.3435,1243.87554,270.0
view,151,1711613864152891,1711613864252891,493.901380952381,476.606,846.053,1138.4706000000003,210.0
view,152,1711613864252891,1711613864352891,605.9478181818181,574.9024999999999,1100.7863,1232.5055899999998,220.0
view,153,1711613864352891,1711613864452891,600.8223846153846,565.443,1020.7215999999996,1158.04912,130.0
view,154,1711613864452891,1711613864552891,543.8358125,523.4694999999999,857.859,878.2662,160.0
view,155,1711613864552891,1711613864652891,581.9155882352942,523.346,909.1889999999999,1053.4002,170.0
view,156,1711613864652891,1711613864752891,465.3442857142857,503.9225,787.1868999999999,802.55498,140.0
view,157,1711613864752891,1711613864852891,517.5974666666667,483.511,818.07915,822.34583,300.0
view,158,1711613864852891,1711613864952891,440.18766666666664,492.6635,811.2994,824.9918799999999,180.0
view,159,1711613864952891,1711613865052891,449.80681818181824,433.37800000000004,755.5957999999999,779.11123,220.0
view,160,1711613865052891,1711613865152891,494.24756,429.229,788.0441999999998,972.8848399999995,250.0
view,161,1711613865152891,1711613865252891,344.4664230769231,383.337,710.5274999999999,740.907,260.0
view,162,1711613865252891,1711613865352891,376.706125,350.436,745.703,914.8501999999999,160.0
view,163,1711613865352891,1711613865452891,388.8336764705883,353.536,677.39935,992.3590300000009,340.0
view,164,1711613865452891,1711613865552891,314.9926785714286,340.9905,668.2697499999999,843.3911300000001,280.0
view,165,1711613865552891,1711613865652891,359.546,369.1665,656.65975,668.1567500000001,260.0
view,166,1711613865652891,1711613865752891,274.50933333333336,345.837,665.1292,702.3036999999999,270.0
view,167,1711613865752891,1711613865852891,290.6903913043479,317.904,529.6562,569.61842,230.0
view,168,1711613865852891,1711613865952891,316.3102352941176,318.468,599.4875999999999,689.23672,170.0
view,169,1711613865952891,1711613866052891,285.26883333333336,293.464,523.89185,528.73652,240.0
view,170,1711613866052891,1711613866152891,254.36933333333332,284.444,516.248,520.9112,210.0
view,171,1711613866152891,1711613866252891,201.68799999999996,254.332,432.3004,463.05607999999995,200.0
view,172,1711613866252891,1711613866352891,231.78259999999997,237.202,490.4795999999998,590.9503199999999,150.0
view,173,1711613866352891,1711613866452891,212.26725,228.23149999999998,421.56489999999997,538.0503499999999,240.0
view,174,1711613866452891,1711613866552891,192.55954166666666,219.9635,377.76885,393.66326,240.0
view,175,1711613866552891,1711613866652891,160.52813636363638,200.977,345.3200499999999,359.68744999999996,220.0
view,176,1711613866652891,1711613866752891,127.28115,144.764,306.0324,309.99048,200.0
view,177,1711613866752891,1711613866852891,108.36613333333334,95.7115,303.53594999999996,308.74047,300.0
view,178,1711613866852891,1711613866952891,111.1655625,94.27199999999999,217.9595,270.64789999999994,160.0
view,179,1711613866952891,1711613867052891,114.81095238095239,128.844,227.955,236.09740000000002,210.0
view,180,1711613867052891,1711613867152891,109.21761111111111,118.08,190.86124999999998,193.31945,180.0
view,181,1711613867152891,1711613867252891,75.98750000000001,63.5035,155.14239999999998,186.00528999999997,220.0
view,182,1711613867252891,1711613867352891,61.02288235294117,70.763,132.2464,135.39968,170.0
view,183,1711613867352891,1711613867452891,47.51396153846153,56.7455,83.19825,97.65175,260.0
view,184,1711613867452891,1711613867552891,36.77963999999999,41.212,73.58339999999997,83.11267999999998,250.0
view,185,1711613867552891,1711613867652891,29.069222222222226,20.287,64.5761,85.76481999999996,270.0
view,186,1711613867652891,1711613867752891,18.950833333333332,18.4635,25.856949999999998,26.45059,180.0
view,187,1711613867752891,1711613867852891,15.570060606060606,15.312,17.5052,17.81272,330.0
view,188,1711613867852891,1711613867952891,15.862166666666667,14.937999999999999,20.702099999999998,21.32192,240.0
view,189,1711613867952891,1711613868052891,17.29026666666666,16.405500000000004,24.896349999999998,30.310490000000005,300.0
view,190,1711613868052891,1711613868152891,24.122181818181822,23.4625,40.1325,42.1082,220.0
view,191,1711613868152891,1711613868252891,16.933791666666668,16.6995,20.4533,21.73842,240.0
view,192,1711613868252891,1711613868352891,16.564,16.357,19.1445,28.866399999999988,310.0
view,193,1711613868352891,1711613868452891,18.639400000000002,17.883000000000003,24.58345,26.490289999999995,200.0
view,194,1711613868452891,1711613868552891,20.355538461538462,19.6025,27.9765,29.14875,260.0
view,195,1711613868552891,1711613868652891,16.523750000000003,15.6905,20.241650000000003,21.92353,200.0
view,196,1711613868652891,1711613868752891,17.765333333333338,15.836,22.874,35.984400000000015,210.0
view,197,1711613868752891,1711613868852891,16.322333333333333,15.218499999999999,22.939049999999998,24.006059999999998,240.0
view,198,1711613868852891,1711613868952891,15.523680000000002,15.448,17.6862,17.971239999999998,250.0
view,199,1711613868952891,1711613869052891,16.22803846153846,15.7075,19.98675,20.783250000000002,260.0
view,200,1711613869052891,1711613869152891,19.459230769230768,17.101,28.5815,34.56175,260.0
add,0,1711613849052891,1711613849152891,0,0,0,0,0
add,1,1711613849152891,1711613849252891,0,0,0,0,0
add,2,1711613849252891,1711613849352891,0,0,0,0,0
add,3,1711613849352891,1711613849452891,0,0,0,0,0
add,4,1711613849452891,1711613849552891,0,0,0,0,0
add,5,1711613849552891,1711613849652891,0,0,0,0,0
add,6,1711613849652891,1711613849752891,0,0,0,0,0
add,7,1711613849752891,1711613849852891,0,0,0,0,0
add,8,1711613849852891,1711613849952891,0,0,0,0,0
add,9,1711613849952891,1711613850052891,0,0,0,0,0
add,10,1711613850052891,1711613850152891,0,0,0,0,0
add,11,1711613850152891,1711613850252891,0,0,0,0,0
add,12,1711613850252891,1711613850352891,0,0,0,0,0
add,13,1711613850352891,1711613850452891,0,0,0,0,0
add,14,1711613850452891,1711613850552891,0,0,0,0,0
add,15,1711613850552891,1711613850652891,6.203250000000001,6.1795,8.6306,8.96612,40.0
add,16,1711613850652891,1711613850752891,6.467,3.445,11.617899999999999,12.34438,30.0
add,17,1711613850752891,1711613850852891,9.482181818181818,7.796,23.035,28.686200000000007,110.0
add,18,1711613850852891,1711613850952891,13.333285714285713,13.062999999999999,22.8357,24.521539999999998,140.0
add,19,1711613850952891,1711613851052891,8.477923076923076,5.603,17.072599999999998,18.08972,130.0
add,20,1711613851052891,1711613851152891,14.347499999999998,14.347,27.296899999999997,28.91138,80.0
add,21,1711613851152891,1711613851252891,26.1171,20.6025,56.13434999999999,59.236470000000004,100.0
add,22,1711613851252891,1711613851352891,12.035000000000002,9.655,26.291,27.012600000000003,110.0
add,23,1711613851352891,1711613851452891,39.269,34.8795,87.36165,89.69553,100.0
add,24,1711613851452891,1711613851552891,29.54125,27.267,53.670799999999986,62.38215999999999,80.0
add,25,1711613851552891,1711613851652891,43.76569230769231,47.478,63.724399999999996,66.63848,130.0
add,26,1711613851652891,1711613851752891,58.298750000000005,41.2795,125.57299999999992,166.82740000000004,120.0
add,27,1711613851752891,1711613851852891,43.17164285714286,37.5465,78.20689999999999,95.50937999999996,140.0
add,28,1711613851852891,1711613851952891,48.45883333333333,49.774,68.6153,72.03586000000001,120.0
add,29,1711613851952891,1711613852052891,39.04570588235294,20.785,85.81439999999994,152.01728,170.0
add,30,1711613852052891,1711613852152891,68.03583333333334,76.10499999999999,87.79599999999999,88.1136,60.0
add,31,1711613852152891,1711613852252891,63.32425,69.69,101.0045,102.0097,80.0
add,32,1711613852252891,1711613852352891,41.81745454545455,42.47,64.3215,64.4267,110.0
add,33,1711613852352891,1711613852452891,78.55499999999999,82.76050000000001,97.68475,100.67935,80.0
add,34,1711613852452891,1711613852552891,56.62758823529412,48.468,95.33099999999999,103.3374,170.0
add,35,1711613852552891,1711613852652891,76.5383,81.5955,141.1026999999999,167.04934,100.0
add,36,1711613852652891,1711613852752891,87.81686666666668,92.113,130.89059999999998,134.11172,150.0
add,37,1711613852752891,1711613852852891,85.09281818181819,93.079,111.3135,112.3035,110.0
add,38,1711613852852891,1711613852952891,54.09030769230769,60.554,91.81620000000001,92.30484,130.0
add,39,1711613852952891,1711613853052891,84.0385625,83.9445,115.88125,137.03545,160.0
add,40,1711613853052891,1711613853152891,67.28871428571429,69.024,107.98429999999999,111.95365999999999,70.0
add,41,1711613853152891,1711613853252891,84.94684615384615,101.69,114.78359999999999,117.31271999999998,130.0
add,42,1711613853252891,1711613853352891,85.71938461538463,95.569,114.3026,116.27011999999999,130.0
add,43,1711613853352891,1711613853452891,100.591375,105.205,136.78159999999997,144.57791999999998,80.0
add,44,1711613853452891,1711613853552891,69.55666666666666,75.018,112.18575,119.05635000000001,120.0
add,45,1711613853552891,1711613853652891,78.99333333333334,96.343,149.95299999999997,153.90339999999998,90.0
add,46,1711613853652891,1711613853752891,107.48325,123.9175,145.01,153.6812,160.0
add,47,1711613853752891,1711613853852891,102.42278571428572,120.1725,134.41590000000002,134.69358,140.0
add,48,1711613853852891,1711613853952891,98.3507,106.14750000000001,133.68955,137.61391,100.0
add,49,1711613853952891,1711613854052891,111.85144444444444,122.84,173.18120000000002,174.18504000000001,90.0
add,50,1711613854052891,1711613854152891,113.65844999999997,125.51050000000001,184.9203,186.09526,200.0
add,51,1711613854152891,1711613854252891,103.169,109.834,165.4723,169.00966,70.0
add,52,1711613854252891,1711613854352891,133.0711111111111,144.797,174.84459999999999,181.54732,90.0
add,53,1711613854352891,1711613854452891,105.76233333333332,107.633,159.12279999999998,170.34616,90.0
add,54,1711613854452891,1711613854552891,128.52392857142857,158.19150000000002,205.07809999999998,211.22761999999997,140.0
add,55,1711613854552891,1711613854652891,178.593125,175.76100000000002,211.6924,211.99928,80.0
add,56,1711613854652891,1711613854752891,122.69350000000001,128.144,216.46725,218.73985,120.0
add,57,1711613854752891,1711613854852891,95.84766666666667,91.6145,195.53775000000002,202.75075,60.0
add,58,1711613854852891,1711613854952891,115.64466666666665,104.743,220.83289999999997,233.69777999999997,150.0
add,59,1711613854952891,1711613855052891,135.94980952380953,138.352,250.642,396.68760000000015,210.0
add,60,1711613855052891,1711613855152891,167.54971428571426,191.136,302.8651999999999,328.6738399999999,70.0
add,61,1711613855152891,1711613855252891,158.10899999999998,151.59949999999998,263.7461,268.90202,120.0
add,62,1711613855252891,1711613855352891,166.34922222222224,147.362,387.41399999999993,467.12919999999997,90.0
add,63,1711613855352891,1711613855452891,159.3903076923077,156.028,264.0388,266.83096,130.0
add,64,1711613855452891,1711613855552891,150.05714285714288,134.09550000000002,284.85765,288.80913000000004,140.0
add,65,1711613855552891,1711613855652891,127.45061538461538,136.521,246.62019999999998,248.33764,130.0
add,66,1711613855652891,1711613855752891,163.76166666666666,158.181,241.0824,243.07408,90.0
add,67,1711613855752891,1711613855852891,146.10299999999998,149.5015,238.74689999999998,244.12458,120.0
add,68,1711613855852891,1711613855952891,145.9689090909091,136.757,265.5185,266.5301,110.0
add,69,1711613855952891,1711613856052891,158.52114285714285,164.258,247.2257,250.81634,70.0
add,70,1711613856052891,1711613856152891,161.20036363636365,217.663,306.123,354.1342,110.0
add,71,1711613856152891,1711613856252891,126.35736363636364,147.218,250.1945,255.76770000000002,110.0
add,72,1711613856252891,1711613856352891,100.67266666666667,84.4895,206.7165,213.61210000000003,60.0
add,73,1711613856352891,1711613856452891,149.74166666666667,170.13,281.8068,282.55336,90.0
add,74,1711613856452891,1711613856552891,148.5279090909091,145.529,266.12350000000004,269.95270000000005,110.0
add,75,1711613856552891,1711613856652891,111.51554545454543,142.975,230.96300000000002,235.57100000000003,110.0
add,76,1711613856652891,1711613856752891,136.03415384615386,187.033,217.57139999999998,225.23747999999998,130.0
add,77,1711613856752891,1711613856852891,125.83527272727274,157.735,205.5845,212.1241,110.0
add,78,1711613856852891,1711613856952891,108.71522222222222,144.417,211.995,212.595,90.0
add,79,1711613856952891,1711613857052891,95.0969090909091,131.918,204.07850000000002,228.45890000000003,110.0
add,80,1711613857052891,1711613857152891,113.76114285714286,8.332,270.2909,270.94778,70.0
add,81,1711613857152891,1711613857252891,118.46862499999999,158.81349999999998,238.90094999999994,264.99778999999995,80.0
add,82,1711613857252891,1711613857352891,147.7790909090909,196.01,269.303,280.3614,110.0
add,83,1711613857352891,1711613857452891,87.68518181818182,79.342,243.1005,276.69530000000003,110.0
add,84,1711613857452891,1711613857552891,118.41946666666668,120.031,284.15729999999985,365.3242599999999,150.0
add,85,1711613857552891,1711613857652891,157.2697,161.0265,323.22424999999987,362.36165000000005,100.0
add,86,1711613857652891,1711613857752891,169.85727272727274,155.716,264.704,267.4216,110.0
add,87,1711613857752891,1711613857852891,143.47016666666667,168.66,265.11145,266.22949,120.0
add,88,1711613857852891,1711613857952891,81.35742857142858,20.797,238.7534999999999,276.5762999999999,70.0
add,89,1711613857952891,1711613858052891,180.50136363636364,200.242,301.597,323.2178,110.0
add,90,1711613858052891,1711613858152891,151.70069230769232,180.898,266.32439999999997,282.48648,130.0
add,91,1711613858152891,1711613858252891,177.57354545454544,177.032,324.15200000000004,352.93600000000004,110.0
add,92,1711613858252891,1711613858352891,135.43390909090908,130.482,273.53549999999996,288.1327,110.0
add,93,1711613858352891,1711613858452891,124.25000000000001,149.4675,254.55229999999997,267.82886,120.0
add,94,1711613858452891,1711613858552891,159.1175714285714,159.825,242.60899999999995,261.66979999999995,70.0
add,95,1711613858552891,1711613858652891,71.3354,18.04,185.09394999999998,187.32199,100.0
add,96,1711613858652891,1711613858752891,140.7738,151.438,349.4224499999999,383.47809,100.0
add,97,1711613858752891,1711613858852891,197.46633333333332,221.3705,291.54825,291.60005,60.0
add,98,1711613858852891,1711613858952891,100.87666666666667,148.53699999999998,180.4752,183.09584,120.0
add,99,1711613858952891,1711613859052891,120.17916666666666,146.8505,220.08625,234.39565000000002,60.0
add,100,1711613859052891,1711613859152891,158.5762142857143,160.831,340.7930499999999,467.0090099999998,140.0
add,101,1711613859152891,1711613859252891,55.79260000000001,10.833499999999999,172.94564999999997,173.51552999999998,100.0
add,102,1711613859252891,1711613859352891,171.38011111111112,161.133,249.61599999999999,259.3616,90.0
add,103,1711613859352891,1711613859452891,140.55342857142858,171.335,233.92839999999995,247.18407999999997,70.0
add,104,1711613859452891,1711613859552891,112.9194285714286,154.34,221.8494,223.42188,140.0
add,105,1711613859552891,1711613859652891,152.33724999999998,157.7235,341.09744999999987,396.91068999999993,80.0
add,106,1711613859652891,1711613859752891,129.41879999999998,171.129,293.82699999999977,415.6269999999999,150.0
add,107,1711613859752891,1711613859852891,128.39270000000002,158.645,218.83315000000002,218.86663000000001,100.0
add,108,1711613859852891,1711613859952891,85.13033333333334,24.203,202.95999999999998,215.3632,90.0
add,109,1711613859952891,1711613860052891,119.74708333333332,105.062,276.34084999999993,332.2969700000001,120.0
add,110,1711613860052891,1711613860152891,119.93766666666669,150.481,227.91389999999998,232.06518,150.0
add,111,1711613860152891,1711613860252891,153.83227272727274,167.926,366.1605,487.8169000000001,110.0
add,112,1711613860252891,1711613860352891,150.17222222222225,176.595,328.4171999999999,393.94584,90.0
add,113,1711613860352891,1711613860452891,141.14542857142854,174.704,210.161,211.5626,70.0
add,114,1711613860452891,1711613860552891,145.61749999999998,194.791,227.49475,232.78455,60.0
add,115,1711613860552891,1711613860652891,143.44766666666666,196.818,252.1522,252.46004,90.0
add,116,1711613860652891,1711613860752891,131.51375,193.053,210.86435,212.00087,80.0
add,117,1711613860752891,1711613860852891,149.37753333333333,201.177,216.1386,216.29652000000002,150.0
add,118,1711613860852891,1711613860952891,177.00173333333333,211.513,235.75149999999996,249.45749999999998,150.0
add,119,1711613860952891,1711613861052891,131.93392857142857,138.7245,228.00054999999998,234.24731,140.0
add,120,1711613861052891,1711613861152891,120.68033333333334,195.898,211.4956,212.39512,90.0
add,121,1711613861152891,1711613861252891,176.31114285714284,173.45049999999998,279.17164999999994,377.39912999999984,140.0
add,122,1711613861252891,1711613861352891,119.126,156.097,211.3646,212.15132,70.0
add,123,1711613861352891,1711613861452891,142.0286,163.0245,231.14149999999998,235.4867,100.0
add,124,1711613861452891,1711613861552891,127.11657142857142,162.063,188.6574,189.91308,70.0
add,125,1711613861552891,1711613861652891,122.20036363636365,151.443,290.221,361.18500000000006,110.0
add,126,1711613861652891,1711613861752891,102.81575000000001,147.74450000000002,172.71654999999998,174.75131,80.0
add,127,1711613861752891,1711613861852891,215.73666666666665,146.2215,799.6611999999991,1371.4658400000008,120.0
add,128,1711613861852891,1711613861952891,92.40812500000001,81.033,196.32135,201.33307000000002,80.0
add,129,1711613861952891,1711613862052891,366.3623636363636,364.867,730.01,760.5187999999999,110.0
add,130,1711613862052891,1711613862152891,308.488,285.223,794.4979999999999,848.0163999999999,140.0
add,131,1711613862152891,1711613862252891,380.60211111111107,473.6375,499.47339999999997,499.64748,180.0
add,132,1711613862252891,1711613862352891,420.36672727272725,418.839,650.2665000000001,792.3093000000001,110.0
add,133,1711613862352891,1711613862452891,361.1013333333333,380.0045,432.74339999999995,444.37348000000003,120.0
add,134,1711613862452891,1711613862552891,342.67875000000004,361.56,383.33885,383.86217,80.0
add,135,1711613862552891,1711613862652891,274.38100000000003,318.511,378.28099999999995,379.15299999999996,110.0
add,136,1711613862652891,1711613862752891,289.285625,302.725,371.29275,379.05134999999996,160.0
add,137,1711613862752891,1711613862852891,284.23229411764703,311.94,465.3125999999998,656.26812,170.0
add,138,1711613862852891,1711613862952891,307.89910000000003,339.498,384.4622,391.40443999999997,100.0
add,139,1711613862952891,1711613863052891,337.8665714285714,360.016,403.06109999999995,416.86661999999995,70.0
add,140,1711613863052891,1711613863152891,327.23133333333334,292.9275,663.8985,743.8525000000001,60.0
add,141,1711613863152891,1711613863252891,377.10450000000003,384.4465,390.48305,391.32781,80.0
add,142,1711613863252891,1711613863352891,309.2232,335.034,382.73199999999997,384.364,50.0
add,143,1711613863352891,1711613863452891,313.150625,332.61,495.28974999999997,722.2931499999999,160.0
add,144,1711613863452891,1711613863552891,242.51253846153853,358.976,401.0932,405.87544,130.0
add,145,1711613863552891,1711613863652891,314.89,347.3835,384.08625,399.65085,160.0
add,146,1711613863652891,1711613863752891,307.75954545454545,336.04,411.49,419.5556,110.0
add,147,1711613863752891,1711613863852891,352.64909090909094,306.797,602.7745,729.5381000000001,110.0
add,148,1711613863852891,1711613863952891,330.0006666666667,381.056,515.8738999999996,693.8379799999998,150.0
add,149,1711613863952891,1711613864052891,232.3646666666667,248.766,401.31785,404.21877,120.0
add,150,1711613864052891,1711613864152891,260.4458181818182,359.533,432.8485,436.0849,110.0
add,151,1711613864152891,1711613864252891,292.7566666666667,372.152,394.36650000000003,396.19010000000003,60.0
add,152,1711613864252891,1711613864352891,302.1168888888889,420.902,425.388,425.6088,90.0
add,153,1711613864352891,1711613864452891,316.0472,381.87350000000004,429.42019999999997,432.44564,100.0
add,154,1711613864452891,1711613864552891,253.41525000000001,150.135,613.4997999999997,773.6615600000002,120.0
add,155,1711613864552891,1711613864652891,181.52154545454547,63.862,427.011,448.76300000000003,110.0
add,156,1711613864652891,1711613864752891,158.05813333333333,74.511,419.6742,419.76043999999996,150.0
add,157,1711613864752891,1711613864852891,242.07908333333333,353.5185,389.36095,393.36979,120.0
add,158,1711613864852891,1711613864952891,191.80724999999998,201.37300000000002,363.54055,372.32250999999997,120.0
add,159,1711613864952891,1711613865052891,242.29918181818184,313.495,354.13,360.1972,110.0
add,160,1711613865052891,1711613865152891,177.94807142857144,152.646,426.0918499999999,569.2847699999998,140.0
add,161,1711613865152891,1711613865252891,184.2203,289.88149999999996,323.7761,329.10482,100.0
add,162,1711613865252891,1711613865352891,188.09557894736838,299.283,364.96339999999924,615.7998800000001,190.0
add,163,1711613865352891,1711613865452891,218.13666666666666,290.472,535.5107999999998,638.3149599999999,90.0
add,164,1711613865452891,1711613865552891,126.01137499999999,10.4,353.12995,362.40439,80.0
add,165,1711613865552891,1711613865652891,167.88541666666669,150.14000000000001,355.42355,358.60871,120.0
add,166,1711613865652891,1711613865752891,114.8131,6.626,283.01395,284.57959,100.0
add,167,1711613865752891,1711613865852891,188.4668,130.906,485.5986999999997,580.9965400000001,100.0
add,168,1711613865852891,1711613865952891,203.2366153846154,290.849,401.80399999999963,516.5983999999997,130.0
add,169,1711613865952891,1711613866052891,182.67144444444443,274.839,284.2186,284.70532,90.0
add,170,1711613866052891,1711613866152891,169.0371,195.732,276.0014,277.51628,100.0
add,171,1711613866152891,1711613866252891,106.301875,15.510000000000002,269.0931,334.64318999999995,240.0
add,172,1711613866252891,1711613866352891,108.92630769230769,6.831,243.22799999999998,244.4616,130.0
add,173,1711613866352891,1711613866452891,157.18477777777778,166.524,335.78399999999993,389.67199999999997,90.0
add,174,1711613866452891,1711613866552891,94.9543,75.33099999999999,216.55559999999997,223.83912,100.0
add,175,1711613866552891,1711613866652891,79.75106666666667,120.299,186.1546,186.54772,150.0
add,176,1711613866652891,1711613866752891,76.17090909090908,3.174,182.4955,183.9063,110.0
add,177,1711613866752891,1711613866852891,76.28055555555555,4.763,288.4952,290.26704,90.0
add,178,1711613866852891,1711613866952891,70.6594,82.429,136.4903,137.50045999999998,100.0
add,179,1711613866952891,1711613867052891,18.739466666666665,2.721,80.00309999999993,117.74541999999997,150.0
add,180,1711613867052891,1711613867152891,36.27357142857143,4.374499999999999,127.29454999999999,129.10050999999999,140.0
add,181,1711613867152891,1711613867252891,32.074625,5.3185,97.31125,99.27505000000001,160.0
add,182,1711613867252891,1711613867352891,30.9654,4.288,73.0188,73.57976,50.0
add,183,1711613867352891,1711613867452891,15.874666666666668,2.77,64.21419999999999,75.01644,90.0
add,184,1711613867452891,1711613867552891,13.338416666666667,4.9945,43.76659999999998,52.49092000000001,120.0
add,185,1711613867552891,1711613867652891,22.578166666666664,21.927,45.21625,48.25045,60.0
add,186,1711613867652891,1711613867752891,6.965000000000002,4.389,19.39679999999997,30.16895999999998,130.0
add,187,1711613867752891,1711613867852891,3.04025,2.839,3.8790999999999993,3.9878199999999993,40.0
add,188,1711613867852891,1711613867952891,3.6550000000000007,3.173,5.6941999999999995,5.956440000000001,120.0
add,189,1711613867952891,1711613868052891,3.63525,2.86,7.279299999999997,8.959859999999999,80.0
add,190,1711613868052891,1711613868152891,7.687624999999999,3.8169999999999997,16.931749999999997,17.927149999999997,80.0
add,191,1711613868152891,1711613868252891,4.504181818181818,3.356,7.964,9.045600000000002,110.0
add,192,1711613868252891,1711613868352891,3.0162,2.8070000000000004,4.0317,4.1375399999999996,100.0
add,193,1711613868352891,1711613868452891,4.676142857142858,3.429,8.176599999999999,8.66812,70.0
add,194,1711613868452891,1711613868552891,6.400916666666666,5.922499999999999,12.827499999999995,15.498300000000004,120.0
add,195,1711613868552891,1711613868652891,2.817833333333334,2.704,3.4861499999999994,3.8940300000000003,120.0
add,196,1711613868652891,1711613868752891,3.2675555555555555,2.638,5.0653999999999995,5.24908,90.0
add,197,1711613868752891,1711613868852891,3.0820588235294117,2.676,5.0822,5.31004,170.0
add,198,1711613868852891,1711613868952891,3.1769166666666666,3.0515,4.583599999999999,5.20312,120.0
add,199,1711613868952891,1711613869052891,3.0747500000000003,2.6790000000000003,4.4910499999999995,4.750210000000001,120.0
add,200,1711613869052891,1711613869152891,7.022785714285716,6.2235,13.434099999999999,15.111619999999998,140.0
